行號,章節,寫法,原文,分子,分母,取自,問卷題目,分母是誰,信賴度
4,開頭四個發現,裸數字（人數）,127 份,127,,樣本數陳述,有效回收份數,全體填答者 127 人,
9,開頭四個發現,裸數字（人數）,127 位,127,,樣本數陳述,有效回收份數,全體填答者 127 人,
21,開頭四個發現,寫明分母,32%（15/47）,15,47,0 個，目前沒有投入的專案,你現在手上同時在進行幾個公民科技專案？,曾參與者 N=47（只有做過專案的人被問到這些題）,L2
21,開頭四個發現,裸數字（人數）,47 人,47,,樣本數陳述,專案階段、資源、專長、困擾、動機等題只問做過專案的人,曾參與者 47 人,
29,開頭四個發現,寫明分母,8 人中有 1 人（12%）,1,8,協力參與／核心成員累垮，常常一個人撐住整個專案（%≥3）,下面這些困難，各自對你造成多大的困擾？[…],曾參與且參與深度=協力參與,L1（僅供參考）
30,開頭四個發現,寫明分母,18 人中有 6 人（33%）,6,18,共創解法／核心成員累垮，常常一個人撐住整個專案（%≥3）,下面這些困難，各自對你造成多大的困擾？[…],曾參與且參與深度=共創解法,L1（僅供參考）
31,開頭四個發現,寫明分母,10 人中有 6 人（60%）,6,10,發起專案／核心成員累垮，常常一個人撐住整個專案（%≥3）,下面這些困難，各自對你造成多大的困擾？[…],曾參與且參與深度=發起專案,L1（僅供參考）
33,開頭四個發現,裸數字（人數）,10 個人,10,,計數（分母寫在同段落的其他數字裡）,下面這些困難，各自對你造成多大的困擾？[…],曾參與且參與深度=發起專案 N=10,
33,開頭四個發現,裸數字（其他量詞）,6 個,,,計數或題目設計說明,下面這些困難，各自對你造成多大的困擾？[…],曾參與且參與深度=發起專案 N=10,
35,開頭四個發現,寫明分母,38%（18/47）,18,47,專案難有穩定進度，容易停滯,下面這些困難，各自對你造成多大的困擾？[…],曾參與 N=47；主指標 %≥3,L2
35,開頭四個發現,寫明分母,36%（17/47）,17,47,做出來的成果（工具、服務）很難真正發揮影響力,下面這些困難，各自對你造成多大的困擾？[…],曾參與 N=47；主指標 %≥3,L2
35,開頭四個發現,寫明分母,32%（15/47）,15,47,核心成員累垮，常常一個人撐住整個專案,下面這些困難，各自對你造成多大的困擾？[…],曾參與 N=47；主指標 %≥3,L2
35,開頭四個發現,寫明分母,23%（11/47）,11,47,找不到願意一起做的夥伴,下面這些困難，各自對你造成多大的困擾？[…],曾參與 N=47；主指標 %≥3,L2
36,開頭四個發現,裸數字（人數）,5 人,5,,計數（分母寫在同段落的其他數字裡）,下面哪一句，最貼近你在公民科技圈子做的事？,曾參與者依參與深度分成五組的組別人數（接收資訊 5、主動通報 6）,
36,開頭四個發現,裸數字（人數）,6 人,6,,計數（分母寫在同段落的其他數字裡）,下面哪一句，最貼近你在公民科技圈子做的事？,曾參與者依參與深度分成五組的組別人數（接收資訊 5、主動通報 6）,
44,開頭四個發現,寫明分母,40%（19/47）,19,47,動機組合有變動,你第一次投入公民科技專案時的契機是？ × 那現在讓你留下來繼續做的，又是什麼？,曾參與 N=47 逐人配對比較,L2
44,開頭四個發現,裸數字（人數）,17 人,17,,計數（分母寫在同段落的其他數字裡）,你第一次投入公民科技專案時的契機是？ × 那現在讓你留下來繼續做的，又是什麼？,曾參與 N=47 逐人配對比較,
44,開頭四個發現,裸數字（人數）,9 人,9,,計數（分母寫在同段落的其他數字裡）,你第一次投入公民科技專案時的契機是？ × 那現在讓你留下來繼續做的，又是什麼？,曾參與 N=47 逐人配對比較,
50,開頭四個發現,寫明分母,65%（83/127）,83,127,全體／至少用到一個官方管道,你現在主要透過哪些管道，得知 g0v 的活動消息？,全體；以人去重,L2
50,開頭四個發現,寫明分母,23%（29/127）,29,127,全體／只靠親友推薦，沒有任何官方管道,你現在主要透過哪些管道，得知 g0v 的活動消息？,全體；以人去重；互斥四分組相加＝分母,L2
52,開頭四個發現,寫明分母,62%（16/26）,16,26,不知道有哪些專案或議題,你聽過或看過公民科技，但還沒真正參與，最主要的原因是什麼？（請最多選 3 個原因）,從未接觸層 N=26，最多選 3（此題未問「接觸未參與」層）,L1（僅供參考）
52,開頭四個發現,寫明分母,54%（14/26）,14,26,身邊沒有人帶，怕自己融不進去、或幫不上忙,你聽過或看過公民科技，但還沒真正參與，最主要的原因是什麼？（請最多選 3 個原因）,從未接觸層 N=26，最多選 3（此題未問「接觸未參與」層）,L1（僅供參考）
52,開頭四個發現,寫明分母,50%（13/26）,13,26,不知道怎麼加入、找不到入口,你聽過或看過公民科技，但還沒真正參與，最主要的原因是什麼？（請最多選 3 個原因）,從未接觸層 N=26，最多選 3（此題未問「接觸未參與」層）,L1（僅供參考）
52,開頭四個發現,寫明分母,35%（9/26）,9,26,覺得要會寫程式、技術門檻太高,你聽過或看過公民科技，但還沒真正參與，最主要的原因是什麼？（請最多選 3 個原因）,從未接觸層 N=26，最多選 3（此題未問「接觸未參與」層）,L1（僅供參考）
52,開頭四個發現,裸數字（其他量詞）,3 個,,,計數或題目設計說明,你聽過或看過公民科技，但還沒真正參與，最主要的原因是什麼？（請最多選 3 個原因）,從未接觸層 N=26，最多選 3（此題未問「接觸未參與」層）,
56,開頭四個發現,裸數字（人數）,27 人,27,,樣本數陳述,「你曾經為公民科技專案提供經費方面的支持嗎」答有的人,曾出資者 27 人,
60,開頭四個發現,裸數字（人數）,27 人,27,,樣本數陳述,「你曾經為公民科技專案提供經費方面的支持嗎」答有的人,曾出資者 27 人,
60,開頭四個發現,裸數字（人數）,26 人,26,,樣本數陳述,「為什麼還沒參與」只問這一層,從未接觸層 26 人,
62,開頭四個發現,寫明分母,59%（16/27）,16,27,它要解決的問題夠重要、而且講得夠清楚,你在決定要不要支持一個專案時，最看重哪些？請最多選 3 個因素,曾出資者 N=27,L1（僅供參考）
62,開頭四個發現,寫明分母,52%（14/27）,14,27,呼應我自己關心的議題,你在決定要不要支持一個專案時，最看重哪些？請最多選 3 個因素,曾出資者 N=27,L1（僅供參考）
62,開頭四個發現,寫明分母,52%（14/27）,14,27,還在很早期、只有想法的,以你的觀察，最難找到資源的，是處在哪個階段的專案？,曾出資者 N=27,L1（僅供參考）
62,開頭四個發現,寫明分母,37%（10/27）,10,27,已經上線、要長期維運的,以你的觀察，最難找到資源的，是處在哪個階段的專案？,曾出資者 N=27,L1（僅供參考）
62,開頭四個發現,寫明分母,11%（3/27）,3,27,已經做出原型、要往落地走的,以你的觀察，最難找到資源的，是處在哪個階段的專案？,曾出資者 N=27,L1（僅供參考）
72,第 1 章,裸數字（人數）,127 份,127,,樣本數陳述,有效回收份數,全體填答者 127 人,
72,第 1 章,裸數字（人數）,26 人,26,,樣本數陳述,「為什麼還沒參與」只問這一層,從未接觸層 26 人,
72,第 1 章,裸數字（人數）,54 人,54,,樣本數陳述,入坑分層之一,接觸過但還沒做過專案的 54 人,
72,第 1 章,裸數字（人數）,47 人,47,,樣本數陳述,專案階段、資源、專長、困擾、動機等題只問做過專案的人,曾參與者 47 人,
72,第 1 章,裸數字（人數）,47 人,47,,樣本數陳述,專案階段、資源、專長、困擾、動機等題只問做過專案的人,曾參與者 47 人,
74,第 1 章,寫明分母,35%（45/127）,45,127,31 到 40 歲,你的年齡？,全體 N=127,L2
74,第 1 章,寫明分母,29%（37/127）,37,127,41 到 50 歲,你的年齡？,全體 N=127,L2
74,第 1 章,寫明分母,5.5%（7/127）,7,127,20 歲以下,你的年齡？,全體 N=127,L2
74,第 1 章,寫明分母,50%（64/127）,64,127,男,你的性別？,全體 N=127,L2
74,第 1 章,寫明分母,41%（52/127）,52,127,女,你的性別？,全體 N=127,L2
74,第 1 章,寫明分母,9%（11/127）,11,127,其他，或不願透露,你的性別？,全體 N=127,L2
74,第 1 章,裸數字（人數）,127 人,127,,樣本數陳述,有效回收份數,全體填答者 127 人,
76,第 1 章,寫明分母,20%（25/127）,25,127,非營利組織,你目前主要的身分或工作場域是？,全體 N=127,L2
76,第 1 章,寫明分母,16%（20/127）,20,127,學校、研究機構,你目前主要的身分或工作場域是？,全體 N=127,L2
76,第 1 章,寫明分母,16%（20/127）,20,127,企業、新創,你目前主要的身分或工作場域是？,全體 N=127,L2
76,第 1 章,寫明分母,13%（17/127）,17,127,學生,你目前主要的身分或工作場域是？,全體 N=127,L2
76,第 1 章,寫明分母,8%（10/127）,10,127,政府機構、公部門法人,你目前主要的身分或工作場域是？,全體 N=127,L2
76,第 1 章,寫明分母,27%（15/55）,15,55,非營利組織與協會,可以多分享一點你所屬的組織或團體嗎？,全體中有填答此開放題者（人工歸類）,L3
76,第 1 章,寫明分母,25%（14/55）,14,55,學術與研究機構,可以多分享一點你所屬的組織或團體嗎？,全體中有填答此開放題者（人工歸類）,L3
76,第 1 章,寫明分母,22%（12/55）,12,55,企業與新創,可以多分享一點你所屬的組織或團體嗎？,全體中有填答此開放題者（人工歸類）,L3
76,第 1 章,裸數字（人數）,55 人,55,,樣本數陳述,「可以多分享一點你所屬的組織或團體嗎」選填,填答所屬組織開放題的 55 人,
78,第 1 章,寫明分母,62%（79/127）,79,127,雙北（台北市或新北市）,你目前居住在哪個區域？,全體 N=127；people_count 去重，非票數相加,L2
80,第 1 章,裸數字（人數）,63 人,63,,樣本數陳述,「除了居住地，你還跟哪些地區有比較深的連結」選填,填答地區連結開放題的 63 人,
80,第 1 章,裸數字（人數）,34 人,34,,計數（分母寫在同段落的其他數字裡）,除了居住地，你還跟哪些地區有比較深的連結？,填答此開放題的 63 人；「20 人」「8 人」的分母是住雙北的 79 人，不是 63,
80,第 1 章,裸數字（人數）,14 人,14,,計數（分母寫在同段落的其他數字裡）,除了居住地，你還跟哪些地區有比較深的連結？,填答此開放題的 63 人；「20 人」「8 人」的分母是住雙北的 79 人，不是 63,
80,第 1 章,裸數字（人數）,79 人,79,,樣本數陳述,居住地題的台北市或新北市，以人去重,居住在雙北的 79 人,
80,第 1 章,裸數字（人數）,20 人,20,,計數（分母寫在同段落的其他數字裡）,除了居住地，你還跟哪些地區有比較深的連結？,填答此開放題的 63 人；「20 人」「8 人」的分母是住雙北的 79 人，不是 63,
80,第 1 章,裸數字（人數）,8 人,8,,計數（分母寫在同段落的其他數字裡）,除了居住地，你還跟哪些地區有比較深的連結？,填答此開放題的 63 人；「20 人」「8 人」的分母是住雙北的 79 人，不是 63,
84,第 1 章,寫明分母,47%（60/127）,60,127,全體／從未參加過任何 g0v 活動,你最近一次參加 g0v.tw 的活動，是什麼時候？,全體；全數作答，無分支,L2
84,第 1 章,寫明分母,28%（13/47）,13,47,曾參與／從未參加過任何 g0v 活動,你最近一次參加 g0v.tw 的活動，是什麼時候？,曾參與；全數作答，無分支,L2
84,第 1 章,寫明分母,59%（75/127）,75,127,非營利組織（例如：開放文化基金會、地球公民基金會）,整體來說，你主要透過哪些管道吸收公民科技的資訊？,全體，複選,L2
84,第 1 章,寫明分母,54%（68/127）,68,127,開源社群（例如：COSCUP、SITCON、g0v）,整體來說，你主要透過哪些管道吸收公民科技的資訊？,全體，複選,L2
84,第 1 章,裸數字（人數）,47 位,47,,樣本數陳述,專案階段、資源、專長、困擾、動機等題只問做過專案的人,曾參與者 47 人,
86,第 2 章,裸數字（人數）,10 個人,10,,計數（分母寫在同段落的其他數字裡）,你曾經在公民科技專案裡，擔任過哪些角色？,曾接觸者 N=101；角色廣度＝一個人勾了幾種角色,
90,第 2 章,寫明分母,89%（90/101）,90,101,使用過某個公民科技工具、服務，或參與討論的人,你曾經在公民科技專案裡，擔任過哪些角色？,曾接觸者 N=101，複選,L3
90,第 2 章,寫明分母,48%（48/101）,48,101,協助落地應用，或推廣給更多使用者的人,你曾經在公民科技專案裡，擔任過哪些角色？,曾接觸者 N=101，複選,L3
90,第 2 章,寫明分母,33%（33/101）,33,101,參與籌備、開發、設計或維護的人,你曾經在公民科技專案裡，擔任過哪些角色？,曾接觸者 N=101，複選,L3
90,第 2 章,寫明分母,28%（28/101）,28,101,發起專案的人,你曾經在公民科技專案裡，擔任過哪些角色？,曾接觸者 N=101，複選,L3
90,第 2 章,寫明分母,17%（17/101）,17,101,出錢或調度資源的人,你曾經在公民科技專案裡，擔任過哪些角色？,曾接觸者 N=101，複選,L3
90,第 2 章,裸數字（人數）,101 位,101,,樣本數陳述,角色、參與深度等題只問接觸過公民科技的人,曾接觸者 101 人,
92,第 2 章,裸數字（百分比）,82%,,,比例（分母寫在同段落的其他數字裡）,你曾經在公民科技專案裡，擔任過哪些角色？,勾了「發起專案的人」的 28 人，不是 101,
94,第 2 章,裸數字（人數）,46 人,46,,計數（分母寫在同段落的其他數字裡）,你曾經在公民科技專案裡，擔任過哪些角色？,曾接觸者 N=101；角色廣度＝一個人勾了幾種角色,
94,第 2 章,裸數字（人數）,10 人,10,,計數（分母寫在同段落的其他數字裡）,你曾經在公民科技專案裡，擔任過哪些角色？,曾接觸者 N=101；角色廣度＝一個人勾了幾種角色,
94,第 2 章,裸數字（百分比）,46%,,,比例（分母寫在同段落的其他數字裡）,你曾經在公民科技專案裡，擔任過哪些角色？,曾接觸者 N=101；角色廣度＝一個人勾了幾種角色,
94,第 2 章,裸數字（百分比）,10%,,,比例（分母寫在同段落的其他數字裡）,你曾經在公民科技專案裡，擔任過哪些角色？,曾接觸者 N=101；角色廣度＝一個人勾了幾種角色,
96,第 2 章,裸數字（人數）,46 位,46,,計數（分母寫在同段落的其他數字裡）,你曾經在公民科技專案裡，擔任過哪些角色？ × 下面哪一句，最貼近你在公民科技圈子做的事？,只勾一種角色的 46 人，不是 101（「30 位」出自參與深度題，分母同為這 46 人）,
96,第 2 章,裸數字（人數）,42 位,42,,計數（分母寫在同段落的其他數字裡）,你曾經在公民科技專案裡，擔任過哪些角色？ × 下面哪一句，最貼近你在公民科技圈子做的事？,只勾一種角色的 46 人，不是 101（「30 位」出自參與深度題，分母同為這 46 人）,
96,第 2 章,裸數字（人數）,46 人,46,,計數（分母寫在同段落的其他數字裡）,你曾經在公民科技專案裡，擔任過哪些角色？ × 下面哪一句，最貼近你在公民科技圈子做的事？,只勾一種角色的 46 人，不是 101（「30 位」出自參與深度題，分母同為這 46 人）,
96,第 2 章,裸數字（人數）,30 位,30,,計數（分母寫在同段落的其他數字裡）,你曾經在公民科技專案裡，擔任過哪些角色？ × 下面哪一句，最貼近你在公民科技圈子做的事？,只勾一種角色的 46 人，不是 101（「30 位」出自參與深度題，分母同為這 46 人）,
98,第 2 章,裸數字（人數）,38 人,38,,計數（分母寫在同段落的其他數字裡）,你曾經在公民科技專案裡，擔任過哪些角色？,「38 人」的分母是曾接觸者 101；「7 人」與「18%」的分母是那 38 人，不是 101,
98,第 2 章,裸數字（人數）,7 人,7,,計數（分母寫在同段落的其他數字裡）,你曾經在公民科技專案裡，擔任過哪些角色？,「38 人」的分母是曾接觸者 101；「7 人」與「18%」的分母是那 38 人，不是 101,
98,第 2 章,裸數字（百分比）,18%,,,比例（分母寫在同段落的其他數字裡）,你曾經在公民科技專案裡，擔任過哪些角色？,「38 人」的分母是曾接觸者 101；「7 人」與「18%」的分母是那 38 人，不是 101,
102,第 2 章,寫明分母,13%（13/101）,13,101,主動通報,下面哪一句，最貼近你在公民科技圈子做的事？,曾接觸者 N=101（從未接觸層未被問到這些題）,L3
102,第 2 章,寫明分母,11%（11/101）,11,101,協力參與,下面哪一句，最貼近你在公民科技圈子做的事？,曾接觸者 N=101（從未接觸層未被問到這些題）,L3
102,第 2 章,寫明分母,20%（20/101）,20,101,共創解法,下面哪一句，最貼近你在公民科技圈子做的事？,曾接觸者 N=101（從未接觸層未被問到這些題）,L3
102,第 2 章,寫明分母,10%（10/101）,10,101,發起專案,下面哪一句，最貼近你在公民科技圈子做的事？,曾接觸者 N=101（從未接觸層未被問到這些題）,L3
102,第 2 章,裸數字（人數）,6 人,6,,計數（分母寫在同段落的其他數字裡）,下面哪一句，最貼近你在公民科技圈子做的事？,曾接觸者 N=101（從未接觸層未被問到這些題）,
102,第 2 章,裸數字（人數）,101 人,101,,樣本數陳述,角色、參與深度等題只問接觸過公民科技的人,曾接觸者 101 人,
102,第 2 章,裸數字（人數）,20 人,20,,計數（分母寫在同段落的其他數字裡）,下面哪一句，最貼近你在公民科技圈子做的事？,曾接觸者 N=101（從未接觸層未被問到這些題）,
102,第 2 章,裸數字（人數）,11 人,11,,計數（分母寫在同段落的其他數字裡）,下面哪一句，最貼近你在公民科技圈子做的事？,曾接觸者 N=101（從未接觸層未被問到這些題）,
102,第 2 章,裸數字（百分比）,41%,,,比例（分母寫在同段落的其他數字裡）,下面哪一句，最貼近你在公民科技圈子做的事？,曾接觸者 N=101（從未接觸層未被問到這些題）,
106,第 2 章,寫明分母,36%（17/47）,17,47,落地,這個專案目前進行到哪個階段？（五類收合為四類）,曾參與者 N=47（只有做過專案的人被問到這些題）,L2
106,第 2 章,寫明分母,28%（13/47）,13,47,維運,這個專案目前進行到哪個階段？（五類收合為四類）,曾參與者 N=47（只有做過專案的人被問到這些題）,L2
106,第 2 章,寫明分母,23%（11/47）,11,47,早期（探索或開發中）,這個專案目前進行到哪個階段？（五類收合為四類）,曾參與者 N=47（只有做過專案的人被問到這些題）,L2
106,第 2 章,寫明分母,13%（6/47）,6,47,停擺,這個專案目前進行到哪個階段？（五類收合為四類）,曾參與者 N=47（只有做過專案的人被問到這些題）,L2
106,第 2 章,裸數字（人數）,47 人,47,,樣本數陳述,專案階段、資源、專長、困擾、動機等題只問做過專案的人,曾參與者 47 人,
108,第 2 章,裸數字（人數）,47 位,47,,樣本數陳述,專案階段、資源、專長、困擾、動機等題只問做過專案的人,曾參與者 47 人,
108,第 2 章,裸數字（人數）,7 人,7,,計數（分母寫在同段落的其他數字裡）,你最近參與的那個公民科技專案，是為了解決什麼問題？,曾參與者 N=47 全數填答（人工主題編碼，一筆可對應多主題）,
108,第 2 章,裸數字（人數）,6 人,6,,計數（分母寫在同段落的其他數字裡）,你最近參與的那個公民科技專案，是為了解決什麼問題？,曾參與者 N=47 全數填答（人工主題編碼，一筆可對應多主題）,
108,第 2 章,裸數字（人數）,5 人,5,,計數（分母寫在同段落的其他數字裡）,你最近參與的那個公民科技專案，是為了解決什麼問題？,曾參與者 N=47 全數填答（人工主題編碼，一筆可對應多主題）,
108,第 2 章,裸數字（人數）,4 人,4,,計數（分母寫在同段落的其他數字裡）,你最近參與的那個公民科技專案，是為了解決什麼問題？,曾參與者 N=47 全數填答（人工主題編碼，一筆可對應多主題）,
108,第 2 章,裸數字（人數）,3 人,3,,計數（分母寫在同段落的其他數字裡）,你最近參與的那個公民科技專案，是為了解決什麼問題？,曾參與者 N=47 全數填答（人工主題編碼，一筆可對應多主題）,
108,第 2 章,裸數字（人數）,2 人,2,,計數（分母寫在同段落的其他數字裡）,你最近參與的那個公民科技專案，是為了解決什麼問題？,曾參與者 N=47 全數填答（人工主題編碼，一筆可對應多主題）,
108,第 2 章,裸數字（人數）,2 人,2,,計數（分母寫在同段落的其他數字裡）,你最近參與的那個公民科技專案，是為了解決什麼問題？,曾參與者 N=47 全數填答（人工主題編碼，一筆可對應多主題）,
108,第 2 章,裸數字（人數）,15 人,15,,計數（分母寫在同段落的其他數字裡）,你最近參與的那個公民科技專案，是為了解決什麼問題？,曾參與者 N=47 全數填答（人工主題編碼，一筆可對應多主題）,
108,第 2 章,裸數字（人數）,4 人,4,,計數（分母寫在同段落的其他數字裡）,你最近參與的那個公民科技專案，是為了解決什麼問題？,曾參與者 N=47 全數填答（人工主題編碼，一筆可對應多主題）,
108,第 2 章,裸數字（人數）,4 人,4,,計數（分母寫在同段落的其他數字裡）,你最近參與的那個公民科技專案，是為了解決什麼問題？,曾參與者 N=47 全數填答（人工主題編碼，一筆可對應多主題）,
108,第 2 章,裸數字（人數）,5 人,5,,計數（分母寫在同段落的其他數字裡）,你最近參與的那個公民科技專案，是為了解決什麼問題？,曾參與者 N=47 全數填答（人工主題編碼，一筆可對應多主題）,
108,第 2 章,裸數字（人數）,2 人,2,,計數（分母寫在同段落的其他數字裡）,你最近參與的那個公民科技專案，是為了解決什麼問題？,曾參與者 N=47 全數填答（人工主題編碼，一筆可對應多主題）,
108,第 2 章,裸數字（其他量詞）,11 類,,,計數或題目設計說明,你最近參與的那個公民科技專案，是為了解決什麼問題？,曾參與者 N=47 全數填答（人工主題編碼，一筆可對應多主題）,
108,第 2 章,裸數字（百分比）,15%,,,比例（分母寫在同段落的其他數字裡）,你最近參與的那個公民科技專案，是為了解決什麼問題？,曾參與者 N=47 全數填答（人工主題編碼，一筆可對應多主題）,
108,第 2 章,裸數字（百分比）,13%,,,比例（分母寫在同段落的其他數字裡）,你最近參與的那個公民科技專案，是為了解決什麼問題？,曾參與者 N=47 全數填答（人工主題編碼，一筆可對應多主題）,
108,第 2 章,裸數字（百分比）,11%,,,比例（分母寫在同段落的其他數字裡）,你最近參與的那個公民科技專案，是為了解決什麼問題？,曾參與者 N=47 全數填答（人工主題編碼，一筆可對應多主題）,
108,第 2 章,裸數字（百分比）,9%,,,比例（分母寫在同段落的其他數字裡）,你最近參與的那個公民科技專案，是為了解決什麼問題？,曾參與者 N=47 全數填答（人工主題編碼，一筆可對應多主題）,
118,第 3 章,裸數字（人數）,47 位,47,,樣本數陳述,專案階段、資源、專長、困擾、動機等題只問做過專案的人,曾參與者 47 人,
124,第 3 章,裸數字（其他量詞）,13 題,,,計數或題目設計說明,下面這些困難，各自對你造成多大的困擾？[…],題目設計說明：13 個題項每項都是 1–5 強制作答，不是統計結果,
128,第 3 章,寫明分母,38%（18/47）,18,47,專案難有穩定進度，容易停滯,下面這些困難，各自對你造成多大的困擾？[…],曾參與 N=47；主指標 %≥3,L2
128,第 3 章,寫明分母,13%（6/47）,6,47,專案難有穩定進度，容易停滯,下面這些困難，各自對你造成多大的困擾？[…],曾參與 N=47；主指標 %≥4,L2
129,第 3 章,寫明分母,36%（17/47）,17,47,做出來的成果（工具、服務）很難真正發揮影響力,下面這些困難，各自對你造成多大的困擾？[…],曾參與 N=47；主指標 %≥3,L2
129,第 3 章,寫明分母,13%（6/47）,6,47,做出來的成果（工具、服務）很難真正發揮影響力,下面這些困難，各自對你造成多大的困擾？[…],曾參與 N=47；主指標 %≥4,L2
130,第 3 章,寫明分母,32%（15/47）,15,47,核心成員累垮，常常一個人撐住整個專案,下面這些困難，各自對你造成多大的困擾？[…],曾參與 N=47；主指標 %≥3,L2
130,第 3 章,寫明分母,13%（6/47）,6,47,核心成員累垮，常常一個人撐住整個專案,下面這些困難，各自對你造成多大的困擾？[…],曾參與 N=47；主指標 %≥4,L2
131,第 3 章,寫明分母,23%（11/47）,11,47,找不到願意一起做的夥伴,下面這些困難，各自對你造成多大的困擾？[…],曾參與 N=47；主指標 %≥3,L2
131,第 3 章,寫明分母,9%（4/47）,4,47,找不到願意一起做的夥伴,下面這些困難，各自對你造成多大的困擾？[…],曾參與 N=47；主指標 %≥4,L2
132,第 3 章,寫明分母,19%（9/47）,9,47,公務員不信任你、不願給你需要的資訊,下面這些困難，各自對你造成多大的困擾？[…],曾參與 N=47；主指標 %≥3,L2
132,第 3 章,寫明分母,9%（4/47）,4,47,公務員不信任你、不願給你需要的資訊,下面這些困難，各自對你造成多大的困擾？[…],曾參與 N=47；主指標 %≥4,L2
133,第 3 章,寫明分母,17%（8/47）,8,47,專案要改變方向、或要對外代表時，不確定誰有權責拍板,下面這些困難，各自對你造成多大的困擾？[…],曾參與 N=47；主指標 %≥3,L2
133,第 3 章,寫明分母,0%（0/47）,0,47,專案要改變方向、或要對外代表時，不確定誰有權責拍板,下面這些困難，各自對你造成多大的困擾？[…],曾參與 N=47；主指標 %≥4,L2
134,第 3 章,寫明分母,15%（7/47）,7,47,參與者突然消失，留下大量未完成任務,下面這些困難，各自對你造成多大的困擾？[…],曾參與 N=47；主指標 %≥3,L2
134,第 3 章,寫明分母,2%（1/47）,1,47,參與者突然消失，留下大量未完成任務,下面這些困難，各自對你造成多大的困擾？[…],曾參與 N=47；主指標 %≥4,L2
135,第 3 章,寫明分母,15%（7/47）,7,47,找不到對接的政府窗口、發訊息沒人理,下面這些困難，各自對你造成多大的困擾？[…],曾參與 N=47；主指標 %≥3,L2
135,第 3 章,寫明分母,4%（2/47）,2,47,找不到對接的政府窗口、發訊息沒人理,下面這些困難，各自對你造成多大的困擾？[…],曾參與 N=47；主指標 %≥4,L2
136,第 3 章,寫明分母,13%（6/47）,6,47,抓不準專案到底要解決什麼問題,下面這些困難，各自對你造成多大的困擾？[…],曾參與 N=47；主指標 %≥3,L2
136,第 3 章,寫明分母,4%（2/47）,2,47,抓不準專案到底要解決什麼問題,下面這些困難，各自對你造成多大的困擾？[…],曾參與 N=47；主指標 %≥4,L2
137,第 3 章,寫明分母,13%（6/47）,6,47,專案缺少文件或交接，人一走、知識就斷了,下面這些困難，各自對你造成多大的困擾？[…],曾參與 N=47；主指標 %≥3,L2
137,第 3 章,寫明分母,4%（2/47）,2,47,專案缺少文件或交接，人一走、知識就斷了,下面這些困難，各自對你造成多大的困擾？[…],曾參與 N=47；主指標 %≥4,L2
138,第 3 章,寫明分母,13%（6/47）,6,47,想要的資料拿不到、不知道去哪要,下面這些困難，各自對你造成多大的困擾？[…],曾參與 N=47；主指標 %≥3,L2
138,第 3 章,寫明分母,9%（4/47）,4,47,想要的資料拿不到、不知道去哪要,下面這些困難，各自對你造成多大的困擾？[…],曾參與 N=47；主指標 %≥4,L2
139,第 3 章,寫明分母,11%（5/47）,5,47,新手或不會寫程式的人，不知道能幫什麼,下面這些困難，各自對你造成多大的困擾？[…],曾參與 N=47；主指標 %≥3,L2
139,第 3 章,寫明分母,4%（2/47）,2,47,新手或不會寫程式的人，不知道能幫什麼,下面這些困難，各自對你造成多大的困擾？[…],曾參與 N=47；主指標 %≥4,L2
140,第 3 章,寫明分母,6%（3/47）,3,47,拿到經費或補助後，不知道怎麼管帳、報稅或處理聘僱,下面這些困難，各自對你造成多大的困擾？[…],曾參與 N=47；主指標 %≥3,L2
140,第 3 章,寫明分母,0%（0/47）,0,47,拿到經費或補助後，不知道怎麼管帳、報稅或處理聘僱,下面這些困難，各自對你造成多大的困擾？[…],曾參與 N=47；主指標 %≥4,L2
146,第 3 章,寫明分母,13%（6/47）,6,47,專案難有穩定進度，容易停滯,下面這些困難，各自對你造成多大的困擾？[…],曾參與 N=47；主指標 %≥4,L2
146,第 3 章,裸數字（人數）,6 個人,6,,計數（分母寫在同段落的其他數字裡）,下面這些困難，各自對你造成多大的困擾？[…],曾參與 N=47；主指標 %≥4,
150,第 3.1 節,寫明分母,40%（2/5）,2,5,接收資訊／找不到願意一起做的夥伴（%≥3）,下面這些困難，各自對你造成多大的困擾？[…],曾參與且參與深度=接收資訊,L1（僅供參考）
150,第 3.1 節,寫明分母,33%（2/6）,2,6,主動通報／新手或不會寫程式的人，不知道能幫什麼（%≥3）,下面這些困難，各自對你造成多大的困擾？[…],曾參與且參與深度=主動通報,L1（僅供參考）
150,第 3.1 節,寫明分母,25%（2/8）,2,8,協力參與／找不到願意一起做的夥伴（%≥3）,下面這些困難，各自對你造成多大的困擾？[…],曾參與且參與深度=協力參與,L1（僅供參考）
150,第 3.1 節,寫明分母,44%（8/18）,8,18,共創解法／專案難有穩定進度，容易停滯（%≥3）,下面這些困難，各自對你造成多大的困擾？[…],曾參與且參與深度=共創解法,L1（僅供參考）
150,第 3.1 節,寫明分母,40%（4/10）,4,10,發起專案／專案難有穩定進度，容易停滯（%≥3）,下面這些困難，各自對你造成多大的困擾？[…],曾參與且參與深度=發起專案,L1（僅供參考）
150,第 3.1 節,裸數字（人數）,47 人,47,,樣本數陳述,專案階段、資源、專長、困擾、動機等題只問做過專案的人,曾參與者 47 人,
154,第 3.1 節,裸數字（人數）,18 人,18,,計數（分母寫在同段落的其他數字裡）,下面這些困難，各自對你造成多大的困擾？[…],曾參與者依參與深度分成五組，各組 5–18 人,
162,第 3.2 節,寫明分母,8 人中有 1 人（12%）,1,8,協力參與／核心成員累垮，常常一個人撐住整個專案（%≥3）,下面這些困難，各自對你造成多大的困擾？[…],曾參與且參與深度=協力參與,L1（僅供參考）
162,第 3.2 節,寫明分母,8 人中有 1 人（12%）,1,8,協力參與／做出來的成果（工具、服務）很難真正發揮影響力（%≥3）,下面這些困難，各自對你造成多大的困擾？[…],曾參與且參與深度=協力參與,L1（僅供參考）
163,第 3.2 節,寫明分母,18 人中有 6 人（33%）,6,18,共創解法／核心成員累垮，常常一個人撐住整個專案（%≥3）,下面這些困難，各自對你造成多大的困擾？[…],曾參與且參與深度=共創解法,L1（僅供參考）
163,第 3.2 節,寫明分母,18 人中有 8 人（44%）,8,18,共創解法／做出來的成果（工具、服務）很難真正發揮影響力（%≥3）,下面這些困難，各自對你造成多大的困擾？[…],曾參與且參與深度=共創解法,L1（僅供參考）
164,第 3.2 節,寫明分母,10 人中有 6 人（60%）,6,10,發起專案／核心成員累垮，常常一個人撐住整個專案（%≥3）,下面這些困難，各自對你造成多大的困擾？[…],曾參與且參與深度=發起專案,L1（僅供參考）
164,第 3.2 節,寫明分母,10 人中有 5 人（50%）,5,10,發起專案／做出來的成果（工具、服務）很難真正發揮影響力（%≥3）,下面這些困難，各自對你造成多大的困擾？[…],曾參與且參與深度=發起專案,L1（僅供參考）
166,第 3.2 節,裸數字（人數）,10 個人,10,,計數（分母寫在同段落的其他數字裡）,下面這些困難，各自對你造成多大的困擾？[…],曾參與且參與深度=發起專案 N=10、協力參與 N=8,
166,第 3.2 節,裸數字（人數）,8 個人,8,,計數（分母寫在同段落的其他數字裡）,下面這些困難，各自對你造成多大的困擾？[…],曾參與且參與深度=發起專案 N=10、協力參與 N=8,
166,第 3.2 節,裸數字（其他量詞）,6 個,,,計數或題目設計說明,下面這些困難，各自對你造成多大的困擾？[…],曾參與且參與深度=發起專案 N=10、協力參與 N=8,
166,第 3.2 節,裸數字（其他量詞）,1 個,,,計數或題目設計說明,下面這些困難，各自對你造成多大的困擾？[…],曾參與且參與深度=發起專案 N=10、協力參與 N=8,
168,第 3.2 節,裸數字（人數）,5 人,5,,計數（分母寫在同段落的其他數字裡）,下面這些困難，各自對你造成多大的困擾？[…],曾參與且參與深度=接收資訊 N=5、主動通報 N=6,
168,第 3.2 節,裸數字（人數）,6 人,6,,計數（分母寫在同段落的其他數字裡）,下面這些困難，各自對你造成多大的困擾？[…],曾參與且參與深度=接收資訊 N=5、主動通報 N=6,
168,第 3.2 節,裸數字（人數）,5 個人,5,,計數（分母寫在同段落的其他數字裡）,下面這些困難，各自對你造成多大的困擾？[…],曾參與且參與深度=接收資訊 N=5、主動通報 N=6,
168,第 3.2 節,裸數字（其他量詞）,2 個,,,計數或題目設計說明,下面這些困難，各自對你造成多大的困擾？[…],曾參與且參與深度=接收資訊 N=5、主動通報 N=6,
168,第 3.2 節,裸數字（百分比）,40%,,,比例（分母寫在同段落的其他數字裡）,下面這些困難，各自對你造成多大的困擾？[…],曾參與且參與深度=接收資訊 N=5、主動通報 N=6,
174,第 3.3 節,寫明分母,33%（2/6）,2,6,主動通報／新手或不會寫程式的人，不知道能幫什麼（%≥3）,下面這些困難，各自對你造成多大的困擾？[…],曾參與且參與深度=主動通報,L1（僅供參考）
174,第 3.3 節,寫明分母,20%（1/5）,1,5,接收資訊／抓不準專案到底要解決什麼問題（%≥3）,下面這些困難，各自對你造成多大的困擾？[…],曾參與且參與深度=接收資訊,L1（僅供參考）
174,第 3.3 節,寫明分母,12%（1/8）,1,8,協力參與／新手或不會寫程式的人，不知道能幫什麼（%≥3）,下面這些困難，各自對你造成多大的困擾？[…],曾參與且參與深度=協力參與,L1（僅供參考）
174,第 3.3 節,寫明分母,0%（0/18）,0,18,共創解法／新手或不會寫程式的人，不知道能幫什麼（%≥3）,下面這些困難，各自對你造成多大的困擾？[…],曾參與且參與深度=共創解法,L1（僅供參考）
174,第 3.3 節,寫明分母,10%（1/10）,1,10,發起專案／抓不準專案到底要解決什麼問題（%≥3）,下面這些困難，各自對你造成多大的困擾？[…],曾參與且參與深度=發起專案,L1（僅供參考）
174,第 3.3 節,裸數字（百分比）,10%,,,比例（分母寫在同段落的其他數字裡）,下面這些困難，各自對你造成多大的困擾？[…],曾參與且參與深度=共創解法 N=18、發起專案 N=10,
176,第 3.3 節,裸數字（人數）,18 個人,18,,計數（分母寫在同段落的其他數字裡）,下面這些困難，各自對你造成多大的困擾？[…],曾參與且參與深度=共創解法 N=18；五組各 5–18 人,
176,第 3.3 節,裸數字（人數）,18 人,18,,計數（分母寫在同段落的其他數字裡）,下面這些困難，各自對你造成多大的困擾？[…],曾參與且參與深度=共創解法 N=18；五組各 5–18 人,
180,第 3.4 節,裸數字（人數）,28 人,28,,樣本數陳述,選填開放題,填答「面對困難採取什麼行動」的 28 人,
194,第 3.4 節,裸數字（人數）,6 人,6,,計數（分母寫在同段落的其他數字裡）,面對這些困難，你有採取什麼行動去解決嗎？,曾參與者中填答此選填開放題的 28 人,
194,第 3.4 節,裸數字（人數）,5 人,5,,計數（分母寫在同段落的其他數字裡）,面對這些困難，你有採取什麼行動去解決嗎？,曾參與者中填答此選填開放題的 28 人,
194,第 3.4 節,裸數字（人數）,6 人,6,,計數（分母寫在同段落的其他數字裡）,面對這些困難，你有採取什麼行動去解決嗎？,曾參與者中填答此選填開放題的 28 人,
194,第 3.4 節,裸數字（人數）,28 位,28,,樣本數陳述,選填開放題,填答「面對困難採取什麼行動」的 28 人,
194,第 3.4 節,裸數字（人數）,11 人,11,,計數（分母寫在同段落的其他數字裡）,面對這些困難，你有採取什麼行動去解決嗎？,曾參與者中填答此選填開放題的 28 人,
196,第 3.4 節,裸數字（人數）,11 人,11,,計數（分母寫在同段落的其他數字裡）,面對這些困難，你有採取什麼行動去解決嗎？,曾參與者中填答此選填開放題的 28 人,
198,第 3.4 節,裸數字（人數）,28 人,28,,樣本數陳述,選填開放題,填答「面對困難採取什麼行動」的 28 人,
198,第 3.4 節,裸數字（人數）,47 人,47,,樣本數陳述,專案階段、資源、專長、困擾、動機等題只問做過專案的人,曾參與者 47 人,
204,第 4 章,裸數字（人數）,47 位,47,,樣本數陳述,專案階段、資源、專長、困擾、動機等題只問做過專案的人,曾參與者 47 人,
204,第 4 章,裸數字（其他量詞）,6 項,,,計數或題目設計說明,你第一次投入公民科技專案時的契機是？ × 那現在讓你留下來繼續做的，又是什麼？,題目設計說明：兩題皆複選，實際作答每人勾 1–6 項，不是統計結果,
204,第 4 章,裸數字（其他量詞）,2 項,,,計數或題目設計說明,你第一次投入公民科技專案時的契機是？ × 那現在讓你留下來繼續做的，又是什麼？,題目設計說明：兩題皆複選，實際作答每人勾 1–6 項，不是統計結果,
215,第 4 章,裸數字（人數）,39 人,39,,計數（分母寫在同段落的其他數字裡）,你第一次投入公民科技專案時的契機是？ × 那現在讓你留下來繼續做的，又是什麼？,曾參與 N=47，逐人配對比較,
215,第 4 章,裸數字（人數）,47 人,47,,樣本數陳述,專案階段、資源、專長、困擾、動機等題只問做過專案的人,曾參與者 47 人,
215,第 4 章,裸數字（人數）,19 人,19,,計數（分母寫在同段落的其他數字裡）,你第一次投入公民科技專案時的契機是？ × 那現在讓你留下來繼續做的，又是什麼？,曾參與 N=47，逐人配對比較,
215,第 4 章,裸數字（百分比）,40%,,,比例（分母寫在同段落的其他數字裡）,你第一次投入公民科技專案時的契機是？ × 那現在讓你留下來繼續做的，又是什麼？,曾參與 N=47，逐人配對比較,
217,第 4 章,裸數字（人數）,20 人,20,,計數（分母寫在同段落的其他數字裡）,你第一次投入公民科技專案時的契機是？ × 那現在讓你留下來繼續做的，又是什麼？,曾參與 N=47；各動機的流失／新增分母為第一次選該動機的人數,
217,第 4 章,裸數字（人數）,6 人,6,,計數（分母寫在同段落的其他數字裡）,你第一次投入公民科技專案時的契機是？ × 那現在讓你留下來繼續做的，又是什麼？,曾參與 N=47；各動機的流失／新增分母為第一次選該動機的人數,
217,第 4 章,裸數字（人數）,4 人,4,,計數（分母寫在同段落的其他數字裡）,你第一次投入公民科技專案時的契機是？ × 那現在讓你留下來繼續做的，又是什麼？,曾參與 N=47；各動機的流失／新增分母為第一次選該動機的人數,
217,第 4 章,裸數字（人數）,6 人,6,,計數（分母寫在同段落的其他數字裡）,你第一次投入公民科技專案時的契機是？ × 那現在讓你留下來繼續做的，又是什麼？,曾參與 N=47；各動機的流失／新增分母為第一次選該動機的人數,
217,第 4 章,裸數字（人數）,9 人,9,,計數（分母寫在同段落的其他數字裡）,你第一次投入公民科技專案時的契機是？ × 那現在讓你留下來繼續做的，又是什麼？,曾參與 N=47；各動機的流失／新增分母為第一次選該動機的人數,
219,第 4 章,裸數字（人數）,47 位,47,,樣本數陳述,專案階段、資源、專長、困擾、動機等題只問做過專案的人,曾參與者 47 人,
219,第 4 章,裸數字（人數）,39 人,39,,計數（分母寫在同段落的其他數字裡）,你第一次投入公民科技專案時的契機是？ × 那現在讓你留下來繼續做的，又是什麼？,曾參與 N=47；留存率的分母是第一次選該動機的人數（社群歸屬為 20 人），不是 47,
219,第 4 章,裸數字（人數）,39 人,39,,計數（分母寫在同段落的其他數字裡）,你第一次投入公民科技專案時的契機是？ × 那現在讓你留下來繼續做的，又是什麼？,曾參與 N=47；留存率的分母是第一次選該動機的人數（社群歸屬為 20 人），不是 47,
219,第 4 章,裸數字（人數）,20 人,20,,計數（分母寫在同段落的其他數字裡）,你第一次投入公民科技專案時的契機是？ × 那現在讓你留下來繼續做的，又是什麼？,曾參與 N=47；留存率的分母是第一次選該動機的人數（社群歸屬為 20 人），不是 47,
219,第 4 章,裸數字（人數）,17 人,17,,計數（分母寫在同段落的其他數字裡）,你第一次投入公民科技專案時的契機是？ × 那現在讓你留下來繼續做的，又是什麼？,曾參與 N=47；留存率的分母是第一次選該動機的人數（社群歸屬為 20 人），不是 47,
219,第 4 章,裸數字（百分比）,70%,,,比例（分母寫在同段落的其他數字裡）,你第一次投入公民科技專案時的契機是？ × 那現在讓你留下來繼續做的，又是什麼？,曾參與 N=47；留存率的分母是第一次選該動機的人數（社群歸屬為 20 人），不是 47,
221,第 4 章,寫明分母,40%（4/10）,4,10,30 歲以下／累積作品集，練功或建立好名聲,那現在讓你留下來繼續做的，又是什麼？ × 你的年齡？,曾參與且年齡=30 歲以下（年齡收合 3 層）,L1（僅供產生假設）
221,第 4 章,寫明分母,19%（9/47）,9,47,累積作品集，練功或建立好名聲,那現在讓你留下來繼續做的，又是什麼？,曾參與 N=47,L2
221,第 4 章,裸數字（人數）,10 人,10,,計數（分母寫在同段落的其他數字裡）,那現在讓你留下來繼續做的，又是什麼？ × 你的年齡？,曾參與者依年齡收合三層（30 歲以下 10、31–40 歲 19、41 歲以上 18）；與之比較的全體比例分母為曾參與 47,
221,第 4 章,裸數字（人數）,19 人,19,,計數（分母寫在同段落的其他數字裡）,那現在讓你留下來繼續做的，又是什麼？ × 你的年齡？,曾參與者依年齡收合三層（30 歲以下 10、31–40 歲 19、41 歲以上 18）；與之比較的全體比例分母為曾參與 47,
221,第 4 章,裸數字（人數）,18 人,18,,計數（分母寫在同段落的其他數字裡）,那現在讓你留下來繼續做的，又是什麼？ × 你的年齡？,曾參與者依年齡收合三層（30 歲以下 10、31–40 歲 19、41 歲以上 18）；與之比較的全體比例分母為曾參與 47,
221,第 4 章,裸數字（人數）,4 人,4,,計數（分母寫在同段落的其他數字裡）,那現在讓你留下來繼續做的，又是什麼？ × 你的年齡？,曾參與者依年齡收合三層（30 歲以下 10、31–40 歲 19、41 歲以上 18）；與之比較的全體比例分母為曾參與 47,
221,第 4 章,裸數字（人數）,19 人,19,,計數（分母寫在同段落的其他數字裡）,那現在讓你留下來繼續做的，又是什麼？ × 你的年齡？,曾參與者依年齡收合三層（30 歲以下 10、31–40 歲 19、41 歲以上 18）；與之比較的全體比例分母為曾參與 47,
221,第 4 章,裸數字（其他量詞）,20 個,,,計數或題目設計說明,那現在讓你留下來繼續做的，又是什麼？ × 你的年齡？,曾參與者依年齡收合三層（30 歲以下 10、31–40 歲 19、41 歲以上 18）；與之比較的全體比例分母為曾參與 47,
221,第 4 章,裸數字（百分比）,89%,,,比例（分母寫在同段落的其他數字裡）,那現在讓你留下來繼續做的，又是什麼？ × 你的年齡？,曾參與者依年齡收合三層（30 歲以下 10、31–40 歲 19、41 歲以上 18）；與之比較的全體比例分母為曾參與 47,
229,第 5 章,裸數字（人數）,47 位,47,,樣本數陳述,專案階段、資源、專長、困擾、動機等題只問做過專案的人,曾參與者 47 人,
231,第 5 章,寫明分母,66%（31/47）,31,47,人脈（例如：由社群介紹可諮詢的專家）,這個專案從開始到現在，曾使用過哪些資源？,曾參與 N=47，複選,L2
231,第 5 章,寫明分母,47%（22/47）,22,47,經費（例如：獎助金、標案或機構支持費用）,這個專案從開始到現在，曾使用過哪些資源？,曾參與 N=47，複選,L2
231,第 5 章,寫明分母,45%（21/47）,21,47,公開資料或開放資料（例如：政治獻金資料集）,這個專案從開始到現在，曾使用過哪些資源？,曾參與 N=47，複選,L2
231,第 5 章,寫明分母,40%（19/47）,19,47,場地（例如：NPO Hub）,這個專案從開始到現在，曾使用過哪些資源？,曾參與 N=47，複選,L2
231,第 5 章,寫明分母,36%（17/47）,17,47,現成的數位工具或平台（例如：Pol.is）,這個專案從開始到現在，曾使用過哪些資源？,曾參與 N=47，複選,L2
231,第 5 章,寫明分母,34%（16/47）,16,47,政府窗口（例如：協助將專案成果結合到體制內）,這個專案從開始到現在，曾使用過哪些資源？,曾參與 N=47，複選,L2
231,第 5 章,寫明分母,23%（11/47）,11,47,主要靠我自己想辦法,這個專案從開始到現在，曾使用過哪些資源？,曾參與 N=47，複選,L2
237,第 5.1 節,寫明分母,51%（24/47）,24,47,專案管理,在這個專案裡，你主要的專長、或協助的任務是？,曾參與 N=47，複選；問的是在該專案負責什麼，不是會什麼,L2
237,第 5.1 節,寫明分母,45%（21/47）,21,47,行銷推廣,在這個專案裡，你主要的專長、或協助的任務是？,曾參與 N=47，複選；問的是在該專案負責什麼，不是會什麼,L2
237,第 5.1 節,寫明分母,40%（19/47）,19,47,行政、後勤,在這個專案裡，你主要的專長、或協助的任務是？,曾參與 N=47，複選；問的是在該專案負責什麼，不是會什麼,L2
237,第 5.1 節,寫明分母,38%（18/47）,18,47,文案撰寫,在這個專案裡，你主要的專長、或協助的任務是？,曾參與 N=47，複選；問的是在該專案負責什麼，不是會什麼,L2
237,第 5.1 節,寫明分母,28%（13/47）,13,47,寫程式,在這個專案裡，你主要的專長、或協助的任務是？,曾參與 N=47，複選；問的是在該專案負責什麼，不是會什麼,L2
237,第 5.1 節,寫明分母,23%（11/47）,11,47,活絡氣氛與關係維繫（舉例：讓夥伴彼此熟識、張羅食物，維持協作順暢）,在這個專案裡，你主要的專長、或協助的任務是？,曾參與 N=47，複選；問的是在該專案負責什麼，不是會什麼,L2
237,第 5.1 節,寫明分母,17%（8/47）,8,47,體驗設計（UI／UX）,在這個專案裡，你主要的專長、或協助的任務是？,曾參與 N=47，複選；問的是在該專案負責什麼，不是會什麼,L2
237,第 5.1 節,寫明分母,15%（7/47）,7,47,視覺設計,在這個專案裡，你主要的專長、或協助的任務是？,曾參與 N=47，複選；問的是在該專案負責什麼，不是會什麼,L2
237,第 5.1 節,裸數字（人數）,47 人,47,,樣本數陳述,專案階段、資源、專長、困擾、動機等題只問做過專案的人,曾參與者 47 人,
239,第 5.1 節,寫明分母,35%（9/26）,9,26,覺得要會寫程式、技術門檻太高,你聽過或看過公民科技，但還沒真正參與，最主要的原因是什麼？（請最多選 3 個原因）,從未接觸層 N=26，最多選 3（此題未問「接觸未參與」層）,L1（僅供參考）
245,第 5.2 節,寫明分母,32%（15/47）,15,47,1 到 5 小時,過去 30 天，你大約花了多少時間在這個專案？,曾參與者 N=47（只有做過專案的人被問到這些題）,L2
245,第 5.2 節,寫明分母,23%（11/47）,11,47,6 到 20 小時,過去 30 天，你大約花了多少時間在這個專案？,曾參與者 N=47（只有做過專案的人被問到這些題）,L2
245,第 5.2 節,寫明分母,23%（11/47）,11,47,幾乎沒有,過去 30 天，你大約花了多少時間在這個專案？,曾參與者 N=47（只有做過專案的人被問到這些題）,L2
245,第 5.2 節,寫明分母,21%（10/47）,10,47,21 小時以上,過去 30 天，你大約花了多少時間在這個專案？,曾參與者 N=47（只有做過專案的人被問到這些題）,L2
249,第 5.2 節,寫明分母,21%（10/47）,10,47,21 小時以上,過去 30 天，你大約花了多少時間在這個專案？,曾參與者 N=47（只有做過專案的人被問到這些題）,L2
255,第 6 章,裸數字（人數）,27 人,27,,樣本數陳述,「你曾經為公民科技專案提供經費方面的支持嗎」答有的人,曾出資者 27 人,
255,第 6 章,裸數字（人數）,127 人,127,,樣本數陳述,有效回收份數,全體填答者 127 人,
255,第 6 章,裸數字（人數）,12 人,12,,計數（分母寫在同段落的其他數字裡）,你曾經為公民科技專案提供經費方面的支持嗎？ × 你曾經在公民科技專案裡，擔任過哪些角色？,曾出資者 27／全體 127／角色題 101，三個分母不可互換（見附錄 A4）,
255,第 6 章,裸數字（人數）,27 人,27,,樣本數陳述,「你曾經為公民科技專案提供經費方面的支持嗎」答有的人,曾出資者 27 人,
257,第 6 章,裸數字（人數）,27 位,27,,樣本數陳述,「你曾經為公民科技專案提供經費方面的支持嗎」答有的人,曾出資者 27 人,
257,第 6 章,裸數字（人數）,20 人,20,,計數（分母寫在同段落的其他數字裡）,你曾經為公民科技專案提供經費方面的支持嗎？ × 入坑分層,曾出資者 N=27 依入坑分層拆開（20／6／1）,
257,第 6 章,裸數字（人數）,6 人,6,,計數（分母寫在同段落的其他數字裡）,你曾經為公民科技專案提供經費方面的支持嗎？ × 入坑分層,曾出資者 N=27 依入坑分層拆開（20／6／1）,
257,第 6 章,裸數字（人數）,1 人,1,,計數（分母寫在同段落的其他數字裡）,你曾經為公民科技專案提供經費方面的支持嗎？ × 入坑分層,曾出資者 N=27 依入坑分層拆開（20／6／1）,
259,第 6 章,裸數字（其他量詞）,3 個,,,計數或題目設計說明,你在決定要不要支持一個專案時，最看重哪些？請最多選 3 個因素,題目設計說明：最多選 3 個，不是統計結果,
263,第 6 章,寫明分母,59%（16/27）,16,27,它要解決的問題夠重要、而且講得夠清楚,你在決定要不要支持一個專案時，最看重哪些？請最多選 3 個因素,曾出資者 N=27,L1（僅供參考）
264,第 6 章,寫明分母,52%（14/27）,14,27,呼應我自己關心的議題,你在決定要不要支持一個專案時，最看重哪些？請最多選 3 個因素,曾出資者 N=27,L1（僅供參考）
265,第 6 章,寫明分母,44%（12/27）,12,27,團隊或發起人的能力和信譽,你在決定要不要支持一個專案時，最看重哪些？請最多選 3 個因素,曾出資者 N=27,L1（僅供參考）
266,第 6 章,寫明分母,44%（12/27）,12,27,預期能產生看得到、而且能被衡量的影響,你在決定要不要支持一個專案時，最看重哪些？請最多選 3 個因素,曾出資者 N=27,L1（僅供參考）
267,第 6 章,寫明分母,41%（11/27）,11,27,專案有長期維持下去的規劃，不會經費花完就停止,你在決定要不要支持一個專案時，最看重哪些？請最多選 3 個因素,曾出資者 N=27,L1（僅供參考）
268,第 6 章,寫明分母,26%（7/27）,7,27,當時剛好有預算或資源,你在決定要不要支持一個專案時，最看重哪些？請最多選 3 個因素,曾出資者 N=27,L1（僅供參考）
274,第 6.1 節,寫明分母,52%（14/27）,14,27,還在很早期、只有想法的,以你的觀察，最難找到資源的，是處在哪個階段的專案？,曾出資者 N=27,L1（僅供參考）
274,第 6.1 節,寫明分母,37%（10/27）,10,27,已經上線、要長期維運的,以你的觀察，最難找到資源的，是處在哪個階段的專案？,曾出資者 N=27,L1（僅供參考）
274,第 6.1 節,寫明分母,11%（3/27）,3,27,已經做出原型、要往落地走的,以你的觀察，最難找到資源的，是處在哪個階段的專案？,曾出資者 N=27,L1（僅供參考）
274,第 6.1 節,裸數字（人數）,27 人,27,,樣本數陳述,「你曾經為公民科技專案提供經費方面的支持嗎」答有的人,曾出資者 27 人,
278,第 6.1 節,裸數字（人數）,27 人,27,,樣本數陳述,「你曾經為公民科技專案提供經費方面的支持嗎」答有的人,曾出資者 27 人,
286,第 7 章,寫明分母,40%（51/127）,51,127,親友推薦,你現在主要透過哪些管道，得知 g0v 的活動消息？,全體，複選,L2
286,第 7 章,寫明分母,23%（29/127）,29,127,全體／只靠親友推薦，沒有任何官方管道,你現在主要透過哪些管道，得知 g0v 的活動消息？,全體；以人去重；互斥四分組相加＝分母,L2
286,第 7 章,寫明分母,19%（24/127）,24,127,揪松團每月電子報,你現在主要透過哪些管道，得知 g0v 的活動消息？,全體，複選,L2
286,第 7 章,寫明分母,12%（15/127）,15,127,揪松團 LINE 群組,你現在主要透過哪些管道，得知 g0v 的活動消息？,全體，複選,L2
286,第 7 章,寫明分母,11%（14/127）,14,127,都沒有，我之前不太清楚這些管道,你現在主要透過哪些管道，得知 g0v 的活動消息？,全體，複選,L2
286,第 7 章,裸數字（人數）,127 人,127,,樣本數陳述,有效回收份數,全體填答者 127 人,
294,第 7 章,寫明分母,65%（83/127）,83,127,全體／至少用到一個官方管道,你現在主要透過哪些管道，得知 g0v 的活動消息？,全體；以人去重,L2
294,第 7 章,寫明分母,40%（51/127）,51,127,全體／有靠親友推薦,你現在主要透過哪些管道，得知 g0v 的活動消息？,全體；以人去重,L2
294,第 7 章,裸數字（人數）,127 人,127,,樣本數陳述,有效回收份數,全體填答者 127 人,
295,第 7 章,寫明分母,72%（34/47）,34,47,曾參與／至少用到一個官方管道,你現在主要透過哪些管道，得知 g0v 的活動消息？,曾參與；以人去重,L2
295,第 7 章,寫明分母,47%（22/47）,22,47,曾參與／有靠親友推薦,你現在主要透過哪些管道，得知 g0v 的活動消息？,曾參與；以人去重,L2
295,第 7 章,裸數字（人數）,47 人,47,,樣本數陳述,專案階段、資源、專長、困擾、動機等題只問做過專案的人,曾參與者 47 人,
299,第 7 章,裸數字（人數）,127 人,127,,樣本數陳述,有效回收份數,全體填答者 127 人,
301,第 7 章,裸數字（人數）,127 人,127,,樣本數陳述,有效回收份數,全體填答者 127 人,
301,第 7 章,裸數字（人數）,47 人,47,,樣本數陳述,專案階段、資源、專長、困擾、動機等題只問做過專案的人,曾參與者 47 人,
303,第 7 章,寫明分母,48%（61/127）,61,127,全體／只有官方管道,你現在主要透過哪些管道，得知 g0v 的活動消息？,全體；以人去重；互斥四分組相加＝分母,L2
303,第 7 章,寫明分母,51%（24/47）,24,47,曾參與／只有官方管道,你現在主要透過哪些管道，得知 g0v 的活動消息？,曾參與；以人去重；互斥四分組相加＝分母,L2
304,第 7 章,寫明分母,17%（22/127）,22,127,全體／官方與親友都有,你現在主要透過哪些管道，得知 g0v 的活動消息？,全體；以人去重；互斥四分組相加＝分母,L2
304,第 7 章,寫明分母,21%（10/47）,10,47,曾參與／官方與親友都有,你現在主要透過哪些管道，得知 g0v 的活動消息？,曾參與；以人去重；互斥四分組相加＝分母,L2
305,第 7 章,寫明分母,23%（29/127）,29,127,全體／只靠親友推薦，沒有任何官方管道,你現在主要透過哪些管道，得知 g0v 的活動消息？,全體；以人去重；互斥四分組相加＝分母,L2
305,第 7 章,寫明分母,26%（12/47）,12,47,曾參與／只靠親友推薦，沒有任何官方管道,你現在主要透過哪些管道，得知 g0v 的活動消息？,曾參與；以人去重；互斥四分組相加＝分母,L2
306,第 7 章,寫明分母,12%（15/127）,15,127,全體／兩者都沒有,你現在主要透過哪些管道，得知 g0v 的活動消息？,全體；以人去重；互斥四分組相加＝分母,L2
306,第 7 章,寫明分母,2%（1/47）,1,47,曾參與／兩者都沒有,你現在主要透過哪些管道，得知 g0v 的活動消息？,曾參與；以人去重；互斥四分組相加＝分母,L2
310,第 7 章,裸數字（人數）,47 人,47,,樣本數陳述,專案階段、資源、專長、困擾、動機等題只問做過專案的人,曾參與者 47 人,
310,第 7 章,裸數字（人數）,1 人,1,,計數（分母寫在同段落的其他數字裡）,你現在主要透過哪些管道，得知 g0v 的活動消息？,互斥四分組；「1 人（2%）」分母為曾參與 47，「15 人（12%）」分母為全體 127,
310,第 7 章,裸數字（人數）,15 人,15,,計數（分母寫在同段落的其他數字裡）,你現在主要透過哪些管道，得知 g0v 的活動消息？,互斥四分組；「1 人（2%）」分母為曾參與 47，「15 人（12%）」分母為全體 127,
310,第 7 章,裸數字（百分比）,2%,,,比例（分母寫在同段落的其他數字裡）,你現在主要透過哪些管道，得知 g0v 的活動消息？,互斥四分組；「1 人（2%）」分母為曾參與 47，「15 人（12%）」分母為全體 127,
310,第 7 章,裸數字（百分比）,12%,,,比例（分母寫在同段落的其他數字裡）,你現在主要透過哪些管道，得知 g0v 的活動消息？,互斥四分組；「1 人（2%）」分母為曾參與 47，「15 人（12%）」分母為全體 127,
316,第 7.1 節,寫明分母,62%（16/26）,16,26,不知道有哪些專案或議題,你聽過或看過公民科技，但還沒真正參與，最主要的原因是什麼？（請最多選 3 個原因）,從未接觸層 N=26，最多選 3（此題未問「接觸未參與」層）,L1（僅供參考）
316,第 7.1 節,寫明分母,54%（14/26）,14,26,身邊沒有人帶，怕自己融不進去、或幫不上忙,你聽過或看過公民科技，但還沒真正參與，最主要的原因是什麼？（請最多選 3 個原因）,從未接觸層 N=26，最多選 3（此題未問「接觸未參與」層）,L1（僅供參考）
316,第 7.1 節,寫明分母,50%（13/26）,13,26,不知道怎麼加入、找不到入口,你聽過或看過公民科技，但還沒真正參與，最主要的原因是什麼？（請最多選 3 個原因）,從未接觸層 N=26，最多選 3（此題未問「接觸未參與」層）,L1（僅供參考）
316,第 7.1 節,寫明分母,35%（9/26）,9,26,覺得要會寫程式、技術門檻太高,你聽過或看過公民科技，但還沒真正參與，最主要的原因是什麼？（請最多選 3 個原因）,從未接觸層 N=26，最多選 3（此題未問「接觸未參與」層）,L1（僅供參考）
316,第 7.1 節,裸數字（人數）,26 人,26,,樣本數陳述,「為什麼還沒參與」只問這一層,從未接觸層 26 人,
316,第 7.1 節,裸數字（人數）,26 人,26,,樣本數陳述,「為什麼還沒參與」只問這一層,從未接觸層 26 人,
316,第 7.1 節,裸數字（其他量詞）,3 個,,,計數或題目設計說明,你聽過或看過公民科技，但還沒真正參與，最主要的原因是什麼？（請最多選 3 個原因）,從未接觸層 N=26，最多選 3（此題未問「接觸未參與」層）,
328,第 7.2 節,寫明分母,57%（73/127）,73,127,公私協力怎麼談：一起討論公部門和民間合作的方法，以及常卡在哪,如果 g0v 揪松團舉辦下面這些活動，你最想報名的是哪兩個？,全體，最多選 2,L2
328,第 7.2 節,寫明分母,51%（65/127）,65,127,公民科技實戰心法：從真實案例復盤，學前人怎麼把專案做起來,如果 g0v 揪松團舉辦下面這些活動，你最想報名的是哪兩個？,全體，最多選 2,L2
328,第 7.2 節,寫明分母,49%（62/127）,62,127,公民科技資料庫入門：學會用網站和 AI 問答，快速查專案、看懂專案怎麼組成,如果 g0v 揪松團舉辦下面這些活動，你最想報名的是哪兩個？,全體，最多選 2,L2
328,第 7.2 節,寫明分母,33%（42/127）,42,127,用 AI 幫你提案：從零開始，動手把點子變成專案構想和藍圖,如果 g0v 揪松團舉辦下面這些活動，你最想報名的是哪兩個？,全體，最多選 2,L2
328,第 7.2 節,裸數字（人數）,127 人,127,,樣本數陳述,有效回收份數,全體填答者 127 人,
328,第 7.2 節,裸數字（人數）,26 人,26,,樣本數陳述,「為什麼還沒參與」只問這一層,從未接觸層 26 人,
328,第 7.2 節,裸數字（其他量詞）,2 個,,,計數或題目設計說明,如果 g0v 揪松團舉辦下面這些活動，你最想報名的是哪兩個？,全體，最多選 2,
328,第 7.2 節,裸數字（百分比）,69%,,,比例（分母寫在同段落的其他數字裡）,如果 g0v 揪松團舉辦下面這些活動，你最想報名的是哪兩個？,全體，最多選 2,
328,第 7.2 節,裸數字（百分比）,36%,,,比例（分母寫在同段落的其他數字裡）,如果 g0v 揪松團舉辦下面這些活動，你最想報名的是哪兩個？,全體，最多選 2,
328,第 7.2 節,裸數字（百分比）,62%,,,比例（分母寫在同段落的其他數字裡）,如果 g0v 揪松團舉辦下面這些活動，你最想報名的是哪兩個？,全體，最多選 2,
328,第 7.2 節,裸數字（百分比）,46%,,,比例（分母寫在同段落的其他數字裡）,如果 g0v 揪松團舉辦下面這些活動，你最想報名的是哪兩個？,全體，最多選 2,
365,第 8.1 節,裸數字（人數）,26 人,26,,樣本數陳述,「為什麼還沒參與」只問這一層,從未接觸層 26 人,
365,第 8.1 節,裸數字（人數）,26 人,26,,樣本數陳述,「為什麼還沒參與」只問這一層,從未接觸層 26 人,
371,第 8.2 節,裸數字（其他量詞）,16 個,,,計數或題目設計說明,我們會整理「某個議題領域有哪些現成資料可以用」的清單。你最想先看到哪些領域？請選最多 5 個領域 × 下面這些「跨領域都用得到的工具」，你最想看哪些介紹？請選最多 3 個工具,題目設計說明：領域題 16 選 5、工具題 7 選 3，兩題選項數不同故勾選率不可互比,
371,第 8.2 節,裸數字（其他量詞）,5 個,,,計數或題目設計說明,我們會整理「某個議題領域有哪些現成資料可以用」的清單。你最想先看到哪些領域？請選最多 5 個領域 × 下面這些「跨領域都用得到的工具」，你最想看哪些介紹？請選最多 3 個工具,題目設計說明：領域題 16 選 5、工具題 7 選 3，兩題選項數不同故勾選率不可互比,
371,第 8.2 節,裸數字（其他量詞）,7 個,,,計數或題目設計說明,我們會整理「某個議題領域有哪些現成資料可以用」的清單。你最想先看到哪些領域？請選最多 5 個領域 × 下面這些「跨領域都用得到的工具」，你最想看哪些介紹？請選最多 3 個工具,題目設計說明：領域題 16 選 5、工具題 7 選 3，兩題選項數不同故勾選率不可互比,
371,第 8.2 節,裸數字（其他量詞）,3 個,,,計數或題目設計說明,我們會整理「某個議題領域有哪些現成資料可以用」的清單。你最想先看到哪些領域？請選最多 5 個領域 × 下面這些「跨領域都用得到的工具」，你最想看哪些介紹？請選最多 3 個工具,題目設計說明：領域題 16 選 5、工具題 7 選 3，兩題選項數不同故勾選率不可互比,
373,第 8.2 節,寫明分母,61%（77/126）,77,126,群眾協力與通報工具（讓沒有技術背景的人，也能簡單回報、標記，一起累積資料）,下面這些「跨領域都用得到的工具」，你最想看哪些介紹？請選最多 3 個工具,全體，最多選 3,L2
373,第 8.2 節,寫明分母,54%（68/126）,68,126,AI 應用（用 AI 整理、查證資料等）,下面這些「跨領域都用得到的工具」，你最想看哪些介紹？請選最多 3 個工具,全體，最多選 3,L2
373,第 8.2 節,寫明分母,52%（65/126）,65,126,資料視覺化工具,下面這些「跨領域都用得到的工具」，你最想看哪些介紹？請選最多 3 個工具,全體，最多選 3,L2
373,第 8.2 節,寫明分母,42%（53/126）,53,126,地理資訊與地圖工具（GIS、線上地圖）,下面這些「跨領域都用得到的工具」，你最想看哪些介紹？請選最多 3 個工具,全體，最多選 3,L2
373,第 8.2 節,寫明分母,33%（41/126）,41,126,民意蒐集與線上審議工具（例如問卷、Polis、討論平台）,下面這些「跨領域都用得到的工具」，你最想看哪些介紹？請選最多 3 個工具,全體，最多選 3,L2
373,第 8.2 節,寫明分母,31%（39/126）,39,126,怎麼找到現成的研究成果（學術論文、政府委辦研究、考察報告）,下面這些「跨領域都用得到的工具」，你最想看哪些介紹？請選最多 3 個工具,全體，最多選 3,L2
373,第 8.2 節,寫明分母,19%（24/126）,24,126,開放協作知識庫（維基百科、Wikidata 等共筆知識）,下面這些「跨領域都用得到的工具」，你最想看哪些介紹？請選最多 3 個工具,全體，最多選 3,L2
375,第 8.2 節,寫明分母,54%（68/127）,68,127,政府預算、決算與標案（看政府的錢怎麼花）,我們會整理「某個議題領域有哪些現成資料可以用」的清單。你最想先看到哪些領域？請選最多 5 個領域,全體，最多選 5,L2
375,第 8.2 節,寫明分母,47%（60/127）,60,127,地方發展與地方創生,我們會整理「某個議題領域有哪些現成資料可以用」的清單。你最想先看到哪些領域？請選最多 5 個領域,全體，最多選 5,L2
375,第 8.2 節,寫明分母,43%（54/127）,54,127,防災與災害應變,我們會整理「某個議題領域有哪些現成資料可以用」的清單。你最想先看到哪些領域？請選最多 5 個領域,全體，最多選 5,L2
375,第 8.2 節,寫明分母,42%（53/127）,53,127,假訊息與詐騙防治,我們會整理「某個議題領域有哪些現成資料可以用」的清單。你最想先看到哪些領域？請選最多 5 個領域,全體，最多選 5,L2
375,第 8.2 節,寫明分母,31%（39/127）,39,127,環境汙染與公害,我們會整理「某個議題領域有哪些現成資料可以用」的清單。你最想先看到哪些領域？請選最多 5 個領域,全體，最多選 5,L2
375,第 8.2 節,寫明分母,31%（39/127）,39,127,法律、立法歷程,我們會整理「某個議題領域有哪些現成資料可以用」的清單。你最想先看到哪些領域？請選最多 5 個領域,全體，最多選 5,L2
391,第 8.3 節,寫明分母,62%（16/26）,16,26,不知道有哪些專案或議題,你聽過或看過公民科技，但還沒真正參與，最主要的原因是什麼？（請最多選 3 個原因）,從未接觸層 N=26，最多選 3（此題未問「接觸未參與」層）,L1（僅供參考）
391,第 8.3 節,寫明分母,50%（13/26）,13,26,不知道怎麼加入、找不到入口,你聽過或看過公民科技，但還沒真正參與，最主要的原因是什麼？（請最多選 3 個原因）,從未接觸層 N=26，最多選 3（此題未問「接觸未參與」層）,L1（僅供參考）
392,第 8.3 節,寫明分母,54%（14/26）,14,26,身邊沒有人帶，怕自己融不進去、或幫不上忙,你聽過或看過公民科技，但還沒真正參與，最主要的原因是什麼？（請最多選 3 個原因）,從未接觸層 N=26，最多選 3（此題未問「接觸未參與」層）,L1（僅供參考）
394,第 8.3 節,裸數字（百分比）,61%,,,比例（分母寫在同段落的其他數字裡）,下面這些「跨領域都用得到的工具」，你最想看哪些介紹？請選最多 3 個工具,該題有作答的 126 人（不是同一列前半引用的未參與原因 N=26）,
394,第 8.3 節,裸數字（百分比）,54%,,,比例（分母寫在同段落的其他數字裡）,下面這些「跨領域都用得到的工具」，你最想看哪些介紹？請選最多 3 個工具,該題有作答的 126 人（不是同一列前半引用的未參與原因 N=26）,
395,第 8.3 節,寫明分母,38%（18/47）,18,47,專案難有穩定進度，容易停滯,下面這些困難，各自對你造成多大的困擾？[…],曾參與 N=47；主指標 %≥3,L2
395,第 8.3 節,寫明分母,36%（17/47）,17,47,做出來的成果（工具、服務）很難真正發揮影響力,下面這些困難，各自對你造成多大的困擾？[…],曾參與 N=47；主指標 %≥3,L2
395,第 8.3 節,寫明分母,32%（15/47）,15,47,核心成員累垮，常常一個人撐住整個專案,下面這些困難，各自對你造成多大的困擾？[…],曾參與 N=47；主指標 %≥3,L2
415,第 8.4 節,裸數字（人數）,10 個人,10,,計數（分母寫在同段落的其他數字裡）,下面這些困難，各自對你造成多大的困擾？[…],曾參與且參與深度=發起專案 N=10,
415,第 8.4 節,裸數字（其他量詞）,6 個,,,計數或題目設計說明,下面這些困難，各自對你造成多大的困擾？[…],曾參與且參與深度=發起專案 N=10,
417,第 8.4 節,寫明分母,59%（16/27）,16,27,它要解決的問題夠重要、而且講得夠清楚,你在決定要不要支持一個專案時，最看重哪些？請最多選 3 個因素,曾出資者 N=27,L1（僅供參考）
428,第 9 章,裸數字（人數）,46 人,46,,計數（分母寫在同段落的其他數字裡）,你曾經在公民科技專案裡，擔任過哪些角色？ × 下面哪一句，最貼近你在公民科技圈子做的事？,曾接觸者 N=101 中角色廣度＝1 的 46 人,
428,第 9 章,裸數字（人數）,42 人,42,,計數（分母寫在同段落的其他數字裡）,你曾經在公民科技專案裡，擔任過哪些角色？ × 下面哪一句，最貼近你在公民科技圈子做的事？,曾接觸者 N=101 中角色廣度＝1 的 46 人,
428,第 9 章,裸數字（人數）,30 人,30,,計數（分母寫在同段落的其他數字裡）,你曾經在公民科技專案裡，擔任過哪些角色？ × 下面哪一句，最貼近你在公民科技圈子做的事？,曾接觸者 N=101 中角色廣度＝1 的 46 人,
429,第 9 章,裸數字（人數）,18 人,18,,計數（分母寫在同段落的其他數字裡）,下面這些困難，各自對你造成多大的困擾？[…],曾參與者依參與深度分成五組，各組 5–18 人,
430,第 9 章,裸數字（人數）,27 位,27,,樣本數陳述,「你曾經為公民科技專案提供經費方面的支持嗎」答有的人,曾出資者 27 人,
430,第 9 章,裸數字（人數）,27 人,27,,樣本數陳述,「你曾經為公民科技專案提供經費方面的支持嗎」答有的人,曾出資者 27 人,
430,第 9 章,裸數字（人數）,26 人,26,,樣本數陳述,「為什麼還沒參與」只問這一層,從未接觸層 26 人,
436,第 9 章,裸數字（人數）,26 人,26,,樣本數陳述,「為什麼還沒參與」只問這一層,從未接觸層 26 人,
444,第 10 章,裸數字（人數）,127 位,127,,樣本數陳述,有效回收份數,全體填答者 127 人,
447,第 10 章,裸數字（人數）,54 人,54,,樣本數陳述,入坑分層之一,接觸過但還沒做過專案的 54 人,
447,第 10 章,裸數字（人數）,26 人,26,,樣本數陳述,「為什麼還沒參與」只問這一層,從未接觸層 26 人,
447,第 10 章,裸數字（人數）,54 人,54,,樣本數陳述,入坑分層之一,接觸過但還沒做過專案的 54 人,
449,第 10 章,裸數字（人數）,73 人,73,,計數（分母寫在同段落的其他數字裡）,如果 g0v 揪松團舉辦下面這些活動，你最想報名的是哪兩個？,全體 N=127；題目最多選 2，比例反映的是有限名額裡誰被優先挑中,
449,第 10 章,裸數字（人數）,73 人,73,,計數（分母寫在同段落的其他數字裡）,如果 g0v 揪松團舉辦下面這些活動，你最想報名的是哪兩個？,全體 N=127；題目最多選 2，比例反映的是有限名額裡誰被優先挑中,
449,第 10 章,裸數字（其他量詞）,2 個,,,計數或題目設計說明,如果 g0v 揪松團舉辦下面這些活動，你最想報名的是哪兩個？,全體 N=127；題目最多選 2，比例反映的是有限名額裡誰被優先挑中,
450,第 10 章,裸數字（人數）,26 位,26,,樣本數陳述,「為什麼還沒參與」只問這一層,從未接觸層 26 人,
450,第 10 章,裸數字（人數）,27 位,27,,樣本數陳述,「你曾經為公民科技專案提供經費方面的支持嗎」答有的人,曾出資者 27 人,
450,第 10 章,裸數字（人數）,19 位,19,,計數（分母寫在同段落的其他數字裡）,（跨多題的樣本數提醒）,從未接觸層 26／曾出資者 27／曾參與者依年齡收合三層 10、19、18,
451,第 10 章,裸數字（百分比）,5.6%,,,比例（分母寫在同段落的其他數字裡）,如果有下面這些文章可以參考，你的感覺是？ × 如果沒有下面這些文章可以參考，你的感覺是？,全體有作答者；矛盾答案占該題有作答人數的 5.6%–7.1%,
451,第 10 章,裸數字（百分比）,7.1%,,,比例（分母寫在同段落的其他數字裡）,如果有下面這些文章可以參考，你的感覺是？ × 如果沒有下面這些文章可以參考，你的感覺是？,全體有作答者；矛盾答案占該題有作答人數的 5.6%–7.1%,
459,第 11 章,裸數字（人數）,27 位,27,,樣本數陳述,「你曾經為公民科技專案提供經費方面的支持嗎」答有的人,曾出資者 27 人,
459,第 11 章,裸數字（人數）,26 位,26,,樣本數陳述,「為什麼還沒參與」只問這一層,從未接觸層 26 人,
461,第 11 章,裸數字（人數）,47 人,47,,樣本數陳述,專案階段、資源、專長、困擾、動機等題只問做過專案的人,曾參與者 47 人,
465,第 11 章,裸數字（人數）,26 位,26,,樣本數陳述,「為什麼還沒參與」只問這一層,從未接觸層 26 人,
465,第 11 章,裸數字（人數）,54 人,54,,樣本數陳述,入坑分層之一,接觸過但還沒做過專案的 54 人,
465,第 11 章,裸數字（人數）,8 人,8,,計數（分母寫在同段落的其他數字裡）,你聽過或看過公民科技，但還沒真正參與，最主要的原因是什麼？ × 入坑分層,從未接觸層 26／接觸未參與層 54；「5 到 8 人」是後續訪談建議，不是本次資料,
489,附錄,裸數字（人數）,101 位,101,,樣本數陳述,角色、參與深度等題只問接觸過公民科技的人,曾接觸者 101 人,
489,附錄,裸數字（人數）,48 人,48,,計數（分母寫在同段落的其他數字裡）,你曾經在公民科技專案裡，擔任過哪些角色？,同一個角色有兩個分母：曾接觸者 101 與曾參與者 47（見附錄 A2）,
489,附錄,裸數字（人數）,47 人,47,,樣本數陳述,專案階段、資源、專長、困擾、動機等題只問做過專案的人,曾參與者 47 人,
489,附錄,裸數字（人數）,36 人,36,,計數（分母寫在同段落的其他數字裡）,你曾經在公民科技專案裡，擔任過哪些角色？,同一個角色有兩個分母：曾接觸者 101 與曾參與者 47（見附錄 A2）,
489,附錄,裸數字（人數）,36 人,36,,計數（分母寫在同段落的其他數字裡）,你曾經在公民科技專案裡，擔任過哪些角色？,同一個角色有兩個分母：曾接觸者 101 與曾參與者 47（見附錄 A2）,
489,附錄,裸數字（人數）,47 人,47,,樣本數陳述,專案階段、資源、專長、困擾、動機等題只問做過專案的人,曾參與者 47 人,
490,附錄,裸數字（人數）,47 位,47,,樣本數陳述,專案階段、資源、專長、困擾、動機等題只問做過專案的人,曾參與者 47 人,
490,附錄,裸數字（人數）,17 人,17,,計數（分母寫在同段落的其他數字裡）,這個專案目前進行到哪個階段？,曾參與者 N=47,
492,附錄,裸數字（人數）,101 人,101,,樣本數陳述,角色、參與深度等題只問接觸過公民科技的人,曾接觸者 101 人,
492,附錄,裸數字（人數）,47 人,47,,樣本數陳述,專案階段、資源、專長、困擾、動機等題只問做過專案的人,曾參與者 47 人,
496,附錄,裸數字（人數）,1 人,1,,計數（分母寫在同段落的其他數字裡）,（分母慣例說明，不是某一題的統計）,說明本報告用「該題有作答人數」、另一份報告用「總回收份數」的差異,
496,附錄,裸數字（其他量詞）,8 個,,,計數或題目設計說明,（分母慣例說明，不是某一題的統計）,說明本報告用「該題有作答人數」、另一份報告用「總回收份數」的差異,
504,附錄,裸數字（人數）,27 人,27,,樣本數陳述,「你曾經為公民科技專案提供經費方面的支持嗎」答有的人,曾出資者 27 人,
505,附錄,裸數字（人數）,17 人,17,,計數（分母寫在同段落的其他數字裡）,你曾經在公民科技專案裡，擔任過哪些角色？,曾接觸者 N=101,
506,附錄,裸數字（人數）,16 人,16,,計數（分母寫在同段落的其他數字裡）,你曾經在公民科技專案裡，擔任過哪些角色？,曾參與者 N=47,
508,附錄,裸數字（人數）,12 人,12,,計數（分母寫在同段落的其他數字裡）,你曾經為公民科技專案提供經費方面的支持嗎？ × 你曾經在公民科技專案裡，擔任過哪些角色？,曾出資者 27 與角色題 101 的交叉；重疊 12 人（見附錄 A4）,
508,附錄,裸數字（人數）,15 人,15,,計數（分母寫在同段落的其他數字裡）,你曾經為公民科技專案提供經費方面的支持嗎？ × 你曾經在公民科技專案裡，擔任過哪些角色？,曾出資者 27 與角色題 101 的交叉；重疊 12 人（見附錄 A4）,
508,附錄,裸數字（人數）,1 人,1,,計數（分母寫在同段落的其他數字裡）,你曾經為公民科技專案提供經費方面的支持嗎？ × 你曾經在公民科技專案裡，擔任過哪些角色？,曾出資者 27 與角色題 101 的交叉；重疊 12 人（見附錄 A4）,
508,附錄,裸數字（人數）,101 人,101,,樣本數陳述,角色、參與深度等題只問接觸過公民科技的人,曾接觸者 101 人,
508,附錄,裸數字（人數）,5 人,5,,計數（分母寫在同段落的其他數字裡）,你曾經為公民科技專案提供經費方面的支持嗎？ × 你曾經在公民科技專案裡，擔任過哪些角色？,曾出資者 27 與角色題 101 的交叉；重疊 12 人（見附錄 A4）,
510,附錄,裸數字（人數）,27 人,27,,樣本數陳述,「你曾經為公民科技專案提供經費方面的支持嗎」答有的人,曾出資者 27 人,
514,附錄,裸數字（其他量詞）,47 筆,,,計數或題目設計說明,你最近參與的那個公民科技專案，是為了解決什麼問題？,曾參與者 N=47 全數填答；47 筆專案描述只以彙總形式出現,
523,怎麼驗收這份報告,裸數字（其他量詞）,5 個,,,計數或題目設計說明,（驗收方法建議，不是統計數字）,無分母,
526,怎麼驗收這份報告,裸數字（人數）,3 位,3,,計數（分母寫在同段落的其他數字裡）,（驗收方法建議，不是統計數字）,無分母,
