報告位置,項目,數字,分子,分母,驗算式,來源欄位／表,篩選條件,信賴度
§1.2 年齡,31 到 40 歲,35.4%,45,127,45/127,你的年齡？,全體 N=127,L2
§1.2 年齡,41 到 50 歲,29.1%,37,127,37/127,你的年齡？,全體 N=127,L2
§1.2 年齡,21 到 30 歲,17.3%,22,127,22/127,你的年齡？,全體 N=127,L2
§1.2 年齡,51 歲以上,12.6%,16,127,16/127,你的年齡？,全體 N=127,L2
§1.2 年齡,20 歲以下,5.5%,7,127,7/127,你的年齡？,全體 N=127,L2
§1.2 性別,男,50.4%,64,127,64/127,你的性別？,全體 N=127,L2
§1.2 性別,女,40.9%,52,127,52/127,你的性別？,全體 N=127,L2
§1.2 性別,其他，或不願透露,8.7%,11,127,11/127,你的性別？,全體 N=127,L2
§1.2 身分,自由工作者,19.7%,25,127,25/127,你目前主要的身分或工作場域是？,全體 N=127,L2
§1.2 身分,非營利組織,19.7%,25,127,25/127,你目前主要的身分或工作場域是？,全體 N=127,L2
§1.2 身分,學校、研究機構,15.7%,20,127,20/127,你目前主要的身分或工作場域是？,全體 N=127,L2
§1.2 身分,企業、新創,15.7%,20,127,20/127,你目前主要的身分或工作場域是？,全體 N=127,L2
§1.2 身分,學生,13.4%,17,127,17/127,你目前主要的身分或工作場域是？,全體 N=127,L2
§1.2 身分,政府機構、公部門法人,7.9%,10,127,10/127,你目前主要的身分或工作場域是？,全體 N=127,L2
§1.2 身分,媒體或事實查核單位,3.9%,5,127,5/127,你目前主要的身分或工作場域是？,全體 N=127,L2
§1.2 身分,空間規劃行業,0.8%,1,127,1/127,你目前主要的身分或工作場域是？,全體 N=127,L2
§1.2 身分,帶小孩,0.8%,1,127,1/127,你目前主要的身分或工作場域是？,全體 N=127,L2
§1.2 身分,服務業,0.8%,1,127,1/127,你目前主要的身分或工作場域是？,全體 N=127,L2
§1.2 身分,退休,0.8%,1,127,1/127,你目前主要的身分或工作場域是？,全體 N=127,L2
§1.2 身分,主要在中研院工作，但同時多方投入數位人權/公民科技專案,0.8%,1,127,1/127,你目前主要的身分或工作場域是？,全體 N=127,L2
§1.2 居住地,台北市,32.3%,41,127,41/127,你目前居住在哪個區域？,全體 N=127,L2
§1.2 居住地,新北市,30.7%,39,127,39/127,你目前居住在哪個區域？,全體 N=127,L2
§1.2 居住地,桃園市,8.7%,11,127,11/127,你目前居住在哪個區域？,全體 N=127,L2
§1.2 居住地,台中市,7.1%,9,127,9/127,你目前居住在哪個區域？,全體 N=127,L2
§1.2 居住地,北部其他（基隆、新竹市、新竹縣）,5.5%,7,127,7/127,你目前居住在哪個區域？,全體 N=127,L2
§1.2 居住地,台南市,4.7%,6,127,6/127,你目前居住在哪個區域？,全體 N=127,L2
§1.2 居住地,高雄市,3.9%,5,127,5/127,你目前居住在哪個區域？,全體 N=127,L2
§1.2 居住地,東部區域（宜蘭、花蓮、台東）,3.1%,4,127,4/127,你目前居住在哪個區域？,全體 N=127,L2
§1.2 居住地,中部區域（苗栗、彰化、南投、雲林）,2.4%,3,127,3/127,你目前居住在哪個區域？,全體 N=127,L2
§1.2 居住地,南部其他（嘉義市、嘉義縣、屏東）,1.6%,2,127,2/127,你目前居住在哪個區域？,全體 N=127,L2
§1.2 居住地,目前居住於海外,1.6%,2,127,2/127,你目前居住在哪個區域？,全體 N=127,L2
§1.3 g0v 活動,我沒參加過 g0v 的活動,48.4%,61,126,61/126,承上，你參加過哪些 g0v 活動？,有作答者,L2
§1.3 g0v 活動,g0v Summit（兩年一次的高峰會）,31.7%,40,126,40/126,承上，你參加過哪些 g0v 活動？,有作答者,L2
§1.3 g0v 活動,雙月大黑客松（大松）,30.2%,38,126,38/126,承上，你參加過哪些 g0v 活動？,有作答者,L2
§1.3 g0v 活動,各專案的小聚（例如國會松、數位韌性松）,26.2%,33,126,33/126,承上，你參加過哪些 g0v 活動？,有作答者,L2
§1.3 g0v 活動,零時小學校,11.1%,14,126,14/126,承上，你參加過哪些 g0v 活動？,有作答者,L2
§1.3 g0v 活動,2018年的g0v獎助金,0.8%,1,126,1/126,承上，你參加過哪些 g0v 活動？,有作答者,L2
§1.3 g0v 活動,我不記得,0.8%,1,126,1/126,承上，你參加過哪些 g0v 活動？,有作答者,L2
§3 角色廣度（勾選數）,1 個角色,45.5%,46,101,46/101,01_衍生變項.csv（衍生）,nan,L3
§3 角色廣度（勾選數）,2 個角色,19.8%,20,101,20/101,01_衍生變項.csv（衍生）,nan,L3
§3 角色廣度（勾選數）,3 個角色,11.9%,12,101,12/101,01_衍生變項.csv（衍生）,nan,L3
§3 角色廣度（勾選數）,4 個角色,10.9%,11,101,11/101,01_衍生變項.csv（衍生）,nan,L3
§3 角色廣度（勾選數）,5 個角色,9.9%,10,101,10/101,01_衍生變項.csv（衍生）,nan,L3
§3 最深角色,使用者,41.6%,42,101,42/101,01_衍生變項.csv（衍生）,nan,L3
§3 最深角色,出資者,16.8%,17,101,17/101,01_衍生變項.csv（衍生）,nan,L3
§3 最深角色,落地推廣,16.8%,17,101,17/101,01_衍生變項.csv（衍生）,nan,L3
§3 最深角色,發起者,14.9%,15,101,15/101,01_衍生變項.csv（衍生）,nan,L3
§3 最深角色,開發維護,7.9%,8,101,8/101,01_衍生變項.csv（衍生）,nan,L3
§3 參與深度,接收資訊,40.6%,41,101,41/101,01_衍生變項.csv（衍生）,nan,L3
§3 參與深度,主動通報,12.9%,13,101,13/101,01_衍生變項.csv（衍生）,nan,L3
§3 參與深度,協力參與,10.9%,11,101,11/101,01_衍生變項.csv（衍生）,nan,L3
§3 參與深度,共創解法,19.8%,20,101,20/101,01_衍生變項.csv（衍生）,nan,L3
§3 參與深度,發起專案,9.9%,10,101,10/101,01_衍生變項.csv（衍生）,nan,L3
§3 參與深度,以上都不太像我,5.9%,6,101,6/101,01_衍生變項.csv（衍生）,獨立類別，未給權重,L3
§3 決策位置,執行協力者,68.4%,65,95,65/95,01_衍生變項.csv（衍生）,nan,L3
§3 決策位置,方向決策者,31.6%,30,95,30/95,01_衍生變項.csv（衍生）,nan,L3
§3 投入強度（過去30天）,1 到 5 小時,31.9%,15,47,15/47,01_衍生變項.csv（衍生）,nan,L2
§3 投入強度（過去30天）,6 到 20 小時,23.4%,11,47,11/47,01_衍生變項.csv（衍生）,nan,L2
§3 投入強度（過去30天）,幾乎沒有,23.4%,11,47,11/47,01_衍生變項.csv（衍生）,nan,L2
§3 投入強度（過去30天）,21 小時以上,21.3%,10,47,10/47,01_衍生變項.csv（衍生）,nan,L2
§3 專案階段（合併）,早期（探索或開發中）,23.4%,11,47,11/47,01_衍生變項.csv（衍生）,nan,L2
§3 專案階段（合併）,落地,36.2%,17,47,17/47,01_衍生變項.csv（衍生）,nan,L2
§3 專案階段（合併）,維運,27.7%,13,47,13/47,01_衍生變項.csv（衍生）,nan,L2
§3 專案階段（合併）,停擺,12.8%,6,47,6/47,01_衍生變項.csv（衍生）,nan,L2
§3 年齡,31 到 40 歲,35.4%,45,127,45/127,01_衍生變項.csv（衍生）,nan,L2
§3 年齡,41 到 50 歲,29.1%,37,127,37/127,01_衍生變項.csv（衍生）,nan,L2
§3 年齡,21 到 30 歲,17.3%,22,127,22/127,01_衍生變項.csv（衍生）,nan,L2
§3 年齡,51 歲以上,12.6%,16,127,16/127,01_衍生變項.csv（衍生）,nan,L2
§3 年齡,20 歲以下,5.5%,7,127,7/127,01_衍生變項.csv（衍生）,nan,L2
§4.1 困擾 %≥3,抓不準專案到底要解決什麼問題,12.8%,6,47,6/47,下面這些困難，各自對你造成多大的困擾？[…],曾參與 N=47；主指標 %≥3,L2
§4.1 困擾 %≥4,抓不準專案到底要解決什麼問題,4.3%,2,47,2/47,下面這些困難，各自對你造成多大的困擾？[…],曾參與 N=47；主指標 %≥4,L2
§4.1 困擾 %≥3,找不到願意一起做的夥伴,23.4%,11,47,11/47,下面這些困難，各自對你造成多大的困擾？[…],曾參與 N=47；主指標 %≥3,L2
§4.1 困擾 %≥4,找不到願意一起做的夥伴,8.5%,4,47,4/47,下面這些困難，各自對你造成多大的困擾？[…],曾參與 N=47；主指標 %≥4,L2
§4.1 困擾 %≥3,新手或不會寫程式的人，不知道能幫什麼,10.6%,5,47,5/47,下面這些困難，各自對你造成多大的困擾？[…],曾參與 N=47；主指標 %≥3,L2
§4.1 困擾 %≥4,新手或不會寫程式的人，不知道能幫什麼,4.3%,2,47,2/47,下面這些困難，各自對你造成多大的困擾？[…],曾參與 N=47；主指標 %≥4,L2
§4.1 困擾 %≥3,參與者突然消失，留下大量未完成任務,14.9%,7,47,7/47,下面這些困難，各自對你造成多大的困擾？[…],曾參與 N=47；主指標 %≥3,L2
§4.1 困擾 %≥4,參與者突然消失，留下大量未完成任務,2.1%,1,47,1/47,下面這些困難，各自對你造成多大的困擾？[…],曾參與 N=47；主指標 %≥4,L2
§4.1 困擾 %≥3,專案缺少文件或交接，人一走、知識就斷了,12.8%,6,47,6/47,下面這些困難，各自對你造成多大的困擾？[…],曾參與 N=47；主指標 %≥3,L2
§4.1 困擾 %≥4,專案缺少文件或交接，人一走、知識就斷了,4.3%,2,47,2/47,下面這些困難，各自對你造成多大的困擾？[…],曾參與 N=47；主指標 %≥4,L2
§4.1 困擾 %≥3,核心成員累垮，常常一個人撐住整個專案,31.9%,15,47,15/47,下面這些困難，各自對你造成多大的困擾？[…],曾參與 N=47；主指標 %≥3,L2
§4.1 困擾 %≥4,核心成員累垮，常常一個人撐住整個專案,12.8%,6,47,6/47,下面這些困難，各自對你造成多大的困擾？[…],曾參與 N=47；主指標 %≥4,L2
§4.1 困擾 %≥3,專案難有穩定進度，容易停滯,38.3%,18,47,18/47,下面這些困難，各自對你造成多大的困擾？[…],曾參與 N=47；主指標 %≥3,L2
§4.1 困擾 %≥4,專案難有穩定進度，容易停滯,12.8%,6,47,6/47,下面這些困難，各自對你造成多大的困擾？[…],曾參與 N=47；主指標 %≥4,L2
§4.1 困擾 %≥3,拿到經費或補助後，不知道怎麼管帳、報稅或處理聘僱,6.4%,3,47,3/47,下面這些困難，各自對你造成多大的困擾？[…],曾參與 N=47；主指標 %≥3,L2
§4.1 困擾 %≥4,拿到經費或補助後，不知道怎麼管帳、報稅或處理聘僱,0.0%,0,47,0/47,下面這些困難，各自對你造成多大的困擾？[…],曾參與 N=47；主指標 %≥4,L2
§4.1 困擾 %≥3,專案要改變方向、或要對外代表時，不確定誰有權責拍板,17.0%,8,47,8/47,下面這些困難，各自對你造成多大的困擾？[…],曾參與 N=47；主指標 %≥3,L2
§4.1 困擾 %≥4,專案要改變方向、或要對外代表時，不確定誰有權責拍板,0.0%,0,47,0/47,下面這些困難，各自對你造成多大的困擾？[…],曾參與 N=47；主指標 %≥4,L2
§4.1 困擾 %≥3,找不到對接的政府窗口、發訊息沒人理,14.9%,7,47,7/47,下面這些困難，各自對你造成多大的困擾？[…],曾參與 N=47；主指標 %≥3,L2
§4.1 困擾 %≥4,找不到對接的政府窗口、發訊息沒人理,4.3%,2,47,2/47,下面這些困難，各自對你造成多大的困擾？[…],曾參與 N=47；主指標 %≥4,L2
§4.1 困擾 %≥3,公務員不信任你、不願給你需要的資訊,19.1%,9,47,9/47,下面這些困難，各自對你造成多大的困擾？[…],曾參與 N=47；主指標 %≥3,L2
§4.1 困擾 %≥4,公務員不信任你、不願給你需要的資訊,8.5%,4,47,4/47,下面這些困難，各自對你造成多大的困擾？[…],曾參與 N=47；主指標 %≥4,L2
§4.1 困擾 %≥3,想要的資料拿不到、不知道去哪要,12.8%,6,47,6/47,下面這些困難，各自對你造成多大的困擾？[…],曾參與 N=47；主指標 %≥3,L2
§4.1 困擾 %≥4,想要的資料拿不到、不知道去哪要,8.5%,4,47,4/47,下面這些困難，各自對你造成多大的困擾？[…],曾參與 N=47；主指標 %≥4,L2
§4.1 困擾 %≥3,做出來的成果（工具、服務）很難真正發揮影響力,36.2%,17,47,17/47,下面這些困難，各自對你造成多大的困擾？[…],曾參與 N=47；主指標 %≥3,L2
§4.1 困擾 %≥4,做出來的成果（工具、服務）很難真正發揮影響力,12.8%,6,47,6/47,下面這些困難，各自對你造成多大的困擾？[…],曾參與 N=47；主指標 %≥4,L2
§4.2 困擾×決策位置,方向決策者／抓不準專案到底要解決什麼問題,10.7%,3,28,3/28,下面這些困難，各自對你造成多大的困擾？[…],曾參與且決策位置=方向決策者,L1（僅供參考）
§4.2 困擾×決策位置,方向決策者／找不到願意一起做的夥伴,21.4%,6,28,6/28,下面這些困難，各自對你造成多大的困擾？[…],曾參與且決策位置=方向決策者,L1（僅供參考）
§4.2 困擾×決策位置,方向決策者／新手或不會寫程式的人，不知道能幫什麼,3.6%,1,28,1/28,下面這些困難，各自對你造成多大的困擾？[…],曾參與且決策位置=方向決策者,L1（僅供參考）
§4.2 困擾×決策位置,方向決策者／參與者突然消失，留下大量未完成任務,17.9%,5,28,5/28,下面這些困難，各自對你造成多大的困擾？[…],曾參與且決策位置=方向決策者,L1（僅供參考）
§4.2 困擾×決策位置,方向決策者／專案缺少文件或交接，人一走、知識就斷了,10.7%,3,28,3/28,下面這些困難，各自對你造成多大的困擾？[…],曾參與且決策位置=方向決策者,L1（僅供參考）
§4.2 困擾×決策位置,方向決策者／核心成員累垮，常常一個人撐住整個專案,42.9%,12,28,12/28,下面這些困難，各自對你造成多大的困擾？[…],曾參與且決策位置=方向決策者,L1（僅供參考）
§4.2 困擾×決策位置,方向決策者／專案難有穩定進度，容易停滯,42.9%,12,28,12/28,下面這些困難，各自對你造成多大的困擾？[…],曾參與且決策位置=方向決策者,L1（僅供參考）
§4.2 困擾×決策位置,方向決策者／拿到經費或補助後，不知道怎麼管帳、報稅或處理聘僱,7.1%,2,28,2/28,下面這些困難，各自對你造成多大的困擾？[…],曾參與且決策位置=方向決策者,L1（僅供參考）
§4.2 困擾×決策位置,方向決策者／專案要改變方向、或要對外代表時，不確定誰有權責拍板,17.9%,5,28,5/28,下面這些困難，各自對你造成多大的困擾？[…],曾參與且決策位置=方向決策者,L1（僅供參考）
§4.2 困擾×決策位置,方向決策者／找不到對接的政府窗口、發訊息沒人理,14.3%,4,28,4/28,下面這些困難，各自對你造成多大的困擾？[…],曾參與且決策位置=方向決策者,L1（僅供參考）
§4.2 困擾×決策位置,方向決策者／公務員不信任你、不願給你需要的資訊,17.9%,5,28,5/28,下面這些困難，各自對你造成多大的困擾？[…],曾參與且決策位置=方向決策者,L1（僅供參考）
§4.2 困擾×決策位置,方向決策者／想要的資料拿不到、不知道去哪要,14.3%,4,28,4/28,下面這些困難，各自對你造成多大的困擾？[…],曾參與且決策位置=方向決策者,L1（僅供參考）
§4.2 困擾×決策位置,方向決策者／做出來的成果（工具、服務）很難真正發揮影響力,46.4%,13,28,13/28,下面這些困難，各自對你造成多大的困擾？[…],曾參與且決策位置=方向決策者,L1（僅供參考）
§4.2 困擾×決策位置,執行協力者／抓不準專案到底要解決什麼問題,15.8%,3,19,3/19,下面這些困難，各自對你造成多大的困擾？[…],曾參與且決策位置=執行協力者,L1（僅供參考）
§4.2 困擾×決策位置,執行協力者／找不到願意一起做的夥伴,26.3%,5,19,5/19,下面這些困難，各自對你造成多大的困擾？[…],曾參與且決策位置=執行協力者,L1（僅供參考）
§4.2 困擾×決策位置,執行協力者／新手或不會寫程式的人，不知道能幫什麼,21.1%,4,19,4/19,下面這些困難，各自對你造成多大的困擾？[…],曾參與且決策位置=執行協力者,L1（僅供參考）
§4.2 困擾×決策位置,執行協力者／參與者突然消失，留下大量未完成任務,10.5%,2,19,2/19,下面這些困難，各自對你造成多大的困擾？[…],曾參與且決策位置=執行協力者,L1（僅供參考）
§4.2 困擾×決策位置,執行協力者／專案缺少文件或交接，人一走、知識就斷了,15.8%,3,19,3/19,下面這些困難，各自對你造成多大的困擾？[…],曾參與且決策位置=執行協力者,L1（僅供參考）
§4.2 困擾×決策位置,執行協力者／核心成員累垮，常常一個人撐住整個專案,15.8%,3,19,3/19,下面這些困難，各自對你造成多大的困擾？[…],曾參與且決策位置=執行協力者,L1（僅供參考）
§4.2 困擾×決策位置,執行協力者／專案難有穩定進度，容易停滯,31.6%,6,19,6/19,下面這些困難，各自對你造成多大的困擾？[…],曾參與且決策位置=執行協力者,L1（僅供參考）
§4.2 困擾×決策位置,執行協力者／拿到經費或補助後，不知道怎麼管帳、報稅或處理聘僱,5.3%,1,19,1/19,下面這些困難，各自對你造成多大的困擾？[…],曾參與且決策位置=執行協力者,L1（僅供參考）
§4.2 困擾×決策位置,執行協力者／專案要改變方向、或要對外代表時，不確定誰有權責拍板,15.8%,3,19,3/19,下面這些困難，各自對你造成多大的困擾？[…],曾參與且決策位置=執行協力者,L1（僅供參考）
§4.2 困擾×決策位置,執行協力者／找不到對接的政府窗口、發訊息沒人理,15.8%,3,19,3/19,下面這些困難，各自對你造成多大的困擾？[…],曾參與且決策位置=執行協力者,L1（僅供參考）
§4.2 困擾×決策位置,執行協力者／公務員不信任你、不願給你需要的資訊,21.1%,4,19,4/19,下面這些困難，各自對你造成多大的困擾？[…],曾參與且決策位置=執行協力者,L1（僅供參考）
§4.2 困擾×決策位置,執行協力者／想要的資料拿不到、不知道去哪要,10.5%,2,19,2/19,下面這些困難，各自對你造成多大的困擾？[…],曾參與且決策位置=執行協力者,L1（僅供參考）
§4.2 困擾×決策位置,執行協力者／做出來的成果（工具、服務）很難真正發揮影響力,21.1%,4,19,4/19,下面這些困難，各自對你造成多大的困擾？[…],曾參與且決策位置=執行協力者,L1（僅供參考）
§5.1 初次動機,我很認同這件事想達成的目標,83.0%,39,47,39/47,你第一次投入公民科技專案時的契機是？,曾參與 N=47,L2
§5.1 持續動機,我很認同這件事想達成的目標,83.0%,39,47,39/47,那現在讓你留下來繼續做的，又是什麼？,曾參與 N=47,L2
§5.1 留存／流失／新增,我很認同這件事想達成的目標,留存 36／流失 3／新增 3,36,39,留存36+流失3=39（初次）,04_動機_流向.csv,同一批曾參與者 N=47 配對比較,L2
§5.1 初次動機,我認同這個社群，想成為其中一員,42.6%,20,47,20/47,你第一次投入公民科技專案時的契機是？,曾參與 N=47,L2
§5.1 持續動機,我認同這個社群，想成為其中一員,36.2%,17,47,17/47,那現在讓你留下來繼續做的，又是什麼？,曾參與 N=47,L2
§5.1 留存／流失／新增,我認同這個社群，想成為其中一員,留存 14／流失 6／新增 3,14,20,留存14+流失6=20（初次）,04_動機_流向.csv,同一批曾參與者 N=47 配對比較,L2
§5.1 初次動機,純粹覺得好玩、有趣,34.0%,16,47,16/47,你第一次投入公民科技專案時的契機是？,曾參與 N=47,L2
§5.1 持續動機,純粹覺得好玩、有趣,31.9%,15,47,15/47,那現在讓你留下來繼續做的，又是什麼？,曾參與 N=47,L2
§5.1 留存／流失／新增,純粹覺得好玩、有趣,留存 13／流失 3／新增 2,13,16,留存13+流失3=16（初次）,04_動機_流向.csv,同一批曾參與者 N=47 配對比較,L2
§5.1 初次動機,想認識新朋友、找到同好,27.7%,13,47,13/47,你第一次投入公民科技專案時的契機是？,曾參與 N=47,L2
§5.1 持續動機,想認識新朋友、找到同好,31.9%,15,47,15/47,那現在讓你留下來繼續做的，又是什麼？,曾參與 N=47,L2
§5.1 留存／流失／新增,想認識新朋友、找到同好,留存 12／流失 1／新增 3,12,13,留存12+流失1=13（初次）,04_動機_流向.csv,同一批曾參與者 N=47 配對比較,L2
§5.1 初次動機,身邊有人在做，我就跟著加入,25.5%,12,47,12/47,你第一次投入公民科技專案時的契機是？,曾參與 N=47,L2
§5.1 持續動機,身邊有人在做，我就跟著加入,25.5%,12,47,12/47,那現在讓你留下來繼續做的，又是什麼？,曾參與 N=47,L2
§5.1 留存／流失／新增,身邊有人在做，我就跟著加入,留存 8／流失 4／新增 4,8,12,留存8+流失4=12（初次）,04_動機_流向.csv,同一批曾參與者 N=47 配對比較,L2
§5.1 初次動機,累積作品集，練功或建立好名聲,12.8%,6,47,6/47,你第一次投入公民科技專案時的契機是？,曾參與 N=47,L2
§5.1 持續動機,累積作品集，練功或建立好名聲,19.1%,9,47,9/47,那現在讓你留下來繼續做的，又是什麼？,曾參與 N=47,L2
§5.1 留存／流失／新增,累積作品集，練功或建立好名聲,留存 5／流失 1／新增 4,5,6,留存5+流失1=6（初次）,04_動機_流向.csv,同一批曾參與者 N=47 配對比較,L2
§5.2 年齡×持續動機 lift,30 歲以下／我很認同這件事想達成的目標,lift 0.96,8,10,(8/10) ÷ 0.8298 = 0.96,03_年齡×持續動機_lift.csv,曾參與且年齡=30 歲以下（年齡收合 3 層）,L1（僅供產生假設）
§5.2 年齡×持續動機 lift,30 歲以下／我認同這個社群，想成為其中一員,lift 1.38,5,10,(5/10) ÷ 0.3617 = 1.38,03_年齡×持續動機_lift.csv,曾參與且年齡=30 歲以下（年齡收合 3 層）,L1（僅供產生假設）
§5.2 年齡×持續動機 lift,30 歲以下／純粹覺得好玩、有趣,lift 1.57,5,10,(5/10) ÷ 0.3191 = 1.57,03_年齡×持續動機_lift.csv,曾參與且年齡=30 歲以下（年齡收合 3 層）,L1（僅供產生假設）
§5.2 年齡×持續動機 lift,30 歲以下／想認識新朋友、找到同好,lift nan,4,10,(4/10) ÷ 0.3191 = nan,03_年齡×持續動機_lift.csv,曾參與且年齡=30 歲以下（年齡收合 3 層）,L1（僅供產生假設）
§5.2 年齡×持續動機 lift,30 歲以下／身邊有人在做，我就跟著加入,lift nan,3,10,(3/10) ÷ 0.2553 = nan,03_年齡×持續動機_lift.csv,曾參與且年齡=30 歲以下（年齡收合 3 層）,L1（僅供產生假設）
§5.2 年齡×持續動機 lift,30 歲以下／累積作品集，練功或建立好名聲,lift nan,4,10,(4/10) ÷ 0.1915 = nan,03_年齡×持續動機_lift.csv,曾參與且年齡=30 歲以下（年齡收合 3 層）,L1（僅供產生假設）
§5.2 年齡×持續動機 lift,31 到 40 歲／我很認同這件事想達成的目標,lift 0.95,15,19,(15/19) ÷ 0.8298 = 0.95,03_年齡×持續動機_lift.csv,曾參與且年齡=31 到 40 歲（年齡收合 3 層）,L1（僅供產生假設）
§5.2 年齡×持續動機 lift,31 到 40 歲／我認同這個社群，想成為其中一員,lift 1.31,9,19,(9/19) ÷ 0.3617 = 1.31,03_年齡×持續動機_lift.csv,曾參與且年齡=31 到 40 歲（年齡收合 3 層）,L1（僅供產生假設）
§5.2 年齡×持續動機 lift,31 到 40 歲／純粹覺得好玩、有趣,lift 1.32,8,19,(8/19) ÷ 0.3191 = 1.32,03_年齡×持續動機_lift.csv,曾參與且年齡=31 到 40 歲（年齡收合 3 層）,L1（僅供產生假設）
§5.2 年齡×持續動機 lift,31 到 40 歲／想認識新朋友、找到同好,lift 1.15,7,19,(7/19) ÷ 0.3191 = 1.15,03_年齡×持續動機_lift.csv,曾參與且年齡=31 到 40 歲（年齡收合 3 層）,L1（僅供產生假設）
§5.2 年齡×持續動機 lift,31 到 40 歲／身邊有人在做，我就跟著加入,lift 1.03,5,19,(5/19) ÷ 0.2553 = 1.03,03_年齡×持續動機_lift.csv,曾參與且年齡=31 到 40 歲（年齡收合 3 層）,L1（僅供產生假設）
§5.2 年齡×持續動機 lift,31 到 40 歲／累積作品集，練功或建立好名聲,lift nan,2,19,(2/19) ÷ 0.1915 = nan,03_年齡×持續動機_lift.csv,曾參與且年齡=31 到 40 歲（年齡收合 3 層）,L1（僅供產生假設）
§5.2 年齡×持續動機 lift,41 歲以上／我很認同這件事想達成的目標,lift 1.07,16,18,(16/18) ÷ 0.8298 = 1.07,03_年齡×持續動機_lift.csv,曾參與且年齡=41 歲以上（年齡收合 3 層）,L1（僅供產生假設）
§5.2 年齡×持續動機 lift,41 歲以上／我認同這個社群，想成為其中一員,lift nan,3,18,(3/18) ÷ 0.3617 = nan,03_年齡×持續動機_lift.csv,曾參與且年齡=41 歲以上（年齡收合 3 層）,L1（僅供產生假設）
§5.2 年齡×持續動機 lift,41 歲以上／純粹覺得好玩、有趣,lift nan,2,18,(2/18) ÷ 0.3191 = nan,03_年齡×持續動機_lift.csv,曾參與且年齡=41 歲以上（年齡收合 3 層）,L1（僅供產生假設）
§5.2 年齡×持續動機 lift,41 歲以上／想認識新朋友、找到同好,lift nan,4,18,(4/18) ÷ 0.3191 = nan,03_年齡×持續動機_lift.csv,曾參與且年齡=41 歲以上（年齡收合 3 層）,L1（僅供產生假設）
§5.2 年齡×持續動機 lift,41 歲以上／身邊有人在做，我就跟著加入,lift nan,4,18,(4/18) ÷ 0.2553 = nan,03_年齡×持續動機_lift.csv,曾參與且年齡=41 歲以上（年齡收合 3 層）,L1（僅供產生假設）
§5.2 年齡×持續動機 lift,41 歲以上／累積作品集，練功或建立好名聲,lift nan,3,18,(3/18) ÷ 0.1915 = nan,03_年齡×持續動機_lift.csv,曾參與且年齡=41 歲以上（年齡收合 3 層）,L1（僅供產生假設）
§6.2 資源×階段,早期（探索或開發中）／人脈（例如：由社群介紹可諮詢的專家）,72.7%,8,11,8/11,這個專案從開始到現在，曾使用過哪些資源？,曾參與且階段=早期（探索或開發中）,L1（僅供參考）
§6.2 資源×階段,早期（探索或開發中）／經費（例如：獎助金、標案或機構支持費用）,54.5%,6,11,6/11,這個專案從開始到現在，曾使用過哪些資源？,曾參與且階段=早期（探索或開發中）,L1（僅供參考）
§6.2 資源×階段,早期（探索或開發中）／公開資料或開放資料（例如：政治獻金資料集）,18.2%,2,11,2/11,這個專案從開始到現在，曾使用過哪些資源？,曾參與且階段=早期（探索或開發中）,L1（僅供參考）
§6.2 資源×階段,早期（探索或開發中）／場地（例如：NPO Hub）,54.5%,6,11,6/11,這個專案從開始到現在，曾使用過哪些資源？,曾參與且階段=早期（探索或開發中）,L1（僅供參考）
§6.2 資源×階段,早期（探索或開發中）／現成的數位工具或平台（例如：Pol.is）,54.5%,6,11,6/11,這個專案從開始到現在，曾使用過哪些資源？,曾參與且階段=早期（探索或開發中）,L1（僅供參考）
§6.2 資源×階段,早期（探索或開發中）／政府窗口（例如：協助將專案成果結合到體制內）,36.4%,4,11,4/11,這個專案從開始到現在，曾使用過哪些資源？,曾參與且階段=早期（探索或開發中）,L1（僅供參考）
§6.2 資源×階段,早期（探索或開發中）／主要靠我自己想辦法,27.3%,3,11,3/11,這個專案從開始到現在，曾使用過哪些資源？,曾參與且階段=早期（探索或開發中）,L1（僅供參考）
§6.2 資源×階段,早期（探索或開發中）／其他（自由填答）,9.1%,1,11,1/11,這個專案從開始到現在，曾使用過哪些資源？,曾參與且階段=早期（探索或開發中）,L1（僅供參考）
§6.2 資源×階段,落地／人脈（例如：由社群介紹可諮詢的專家）,47.1%,8,17,8/17,這個專案從開始到現在，曾使用過哪些資源？,曾參與且階段=落地,L1（僅供參考）
§6.2 資源×階段,落地／經費（例如：獎助金、標案或機構支持費用）,29.4%,5,17,5/17,這個專案從開始到現在，曾使用過哪些資源？,曾參與且階段=落地,L1（僅供參考）
§6.2 資源×階段,落地／公開資料或開放資料（例如：政治獻金資料集）,52.9%,9,17,9/17,這個專案從開始到現在，曾使用過哪些資源？,曾參與且階段=落地,L1（僅供參考）
§6.2 資源×階段,落地／場地（例如：NPO Hub）,23.5%,4,17,4/17,這個專案從開始到現在，曾使用過哪些資源？,曾參與且階段=落地,L1（僅供參考）
§6.2 資源×階段,落地／現成的數位工具或平台（例如：Pol.is）,41.2%,7,17,7/17,這個專案從開始到現在，曾使用過哪些資源？,曾參與且階段=落地,L1（僅供參考）
§6.2 資源×階段,落地／政府窗口（例如：協助將專案成果結合到體制內）,29.4%,5,17,5/17,這個專案從開始到現在，曾使用過哪些資源？,曾參與且階段=落地,L1（僅供參考）
§6.2 資源×階段,落地／主要靠我自己想辦法,35.3%,6,17,6/17,這個專案從開始到現在，曾使用過哪些資源？,曾參與且階段=落地,L1（僅供參考）
§6.2 資源×階段,落地／其他（自由填答）,0.0%,0,17,0/17,這個專案從開始到現在，曾使用過哪些資源？,曾參與且階段=落地,L1（僅供參考）
§6.2 資源×階段,維運／人脈（例如：由社群介紹可諮詢的專家）,84.6%,11,13,11/13,這個專案從開始到現在，曾使用過哪些資源？,曾參與且階段=維運,L1（僅供參考）
§6.2 資源×階段,維運／經費（例如：獎助金、標案或機構支持費用）,61.5%,8,13,8/13,這個專案從開始到現在，曾使用過哪些資源？,曾參與且階段=維運,L1（僅供參考）
§6.2 資源×階段,維運／公開資料或開放資料（例如：政治獻金資料集）,61.5%,8,13,8/13,這個專案從開始到現在，曾使用過哪些資源？,曾參與且階段=維運,L1（僅供參考）
§6.2 資源×階段,維運／場地（例如：NPO Hub）,46.2%,6,13,6/13,這個專案從開始到現在，曾使用過哪些資源？,曾參與且階段=維運,L1（僅供參考）
§6.2 資源×階段,維運／現成的數位工具或平台（例如：Pol.is）,30.8%,4,13,4/13,這個專案從開始到現在，曾使用過哪些資源？,曾參與且階段=維運,L1（僅供參考）
§6.2 資源×階段,維運／政府窗口（例如：協助將專案成果結合到體制內）,46.2%,6,13,6/13,這個專案從開始到現在，曾使用過哪些資源？,曾參與且階段=維運,L1（僅供參考）
§6.2 資源×階段,維運／主要靠我自己想辦法,15.4%,2,13,2/13,這個專案從開始到現在，曾使用過哪些資源？,曾參與且階段=維運,L1（僅供參考）
§6.2 資源×階段,維運／其他（自由填答）,0.0%,0,13,0/13,這個專案從開始到現在，曾使用過哪些資源？,曾參與且階段=維運,L1（僅供參考）
§6.2 資源×階段,停擺／人脈（例如：由社群介紹可諮詢的專家）,66.7%,4,6,4/6,這個專案從開始到現在，曾使用過哪些資源？,曾參與且階段=停擺,L1（僅供參考）
§6.2 資源×階段,停擺／經費（例如：獎助金、標案或機構支持費用）,50.0%,3,6,3/6,這個專案從開始到現在，曾使用過哪些資源？,曾參與且階段=停擺,L1（僅供參考）
§6.2 資源×階段,停擺／公開資料或開放資料（例如：政治獻金資料集）,33.3%,2,6,2/6,這個專案從開始到現在，曾使用過哪些資源？,曾參與且階段=停擺,L1（僅供參考）
§6.2 資源×階段,停擺／場地（例如：NPO Hub）,50.0%,3,6,3/6,這個專案從開始到現在，曾使用過哪些資源？,曾參與且階段=停擺,L1（僅供參考）
§6.2 資源×階段,停擺／現成的數位工具或平台（例如：Pol.is）,0.0%,0,6,0/6,這個專案從開始到現在，曾使用過哪些資源？,曾參與且階段=停擺,L1（僅供參考）
§6.2 資源×階段,停擺／政府窗口（例如：協助將專案成果結合到體制內）,16.7%,1,6,1/6,這個專案從開始到現在，曾使用過哪些資源？,曾參與且階段=停擺,L1（僅供參考）
§6.2 資源×階段,停擺／主要靠我自己想辦法,0.0%,0,6,0/6,這個專案從開始到現在，曾使用過哪些資源？,曾參與且階段=停擺,L1（僅供參考）
§6.2 資源×階段,停擺／其他（自由填答）,0.0%,0,6,0/6,這個專案從開始到現在，曾使用過哪些資源？,曾參與且階段=停擺,L1（僅供參考）
§6.3 資源×決策位置,方向決策者／人脈（例如：由社群介紹可諮詢的專家）,78.6%,22,28,22/28,這個專案從開始到現在，曾使用過哪些資源？,曾參與且決策位置=方向決策者,L1（僅供參考）
§6.3 資源×決策位置,方向決策者／經費（例如：獎助金、標案或機構支持費用）,50.0%,14,28,14/28,這個專案從開始到現在，曾使用過哪些資源？,曾參與且決策位置=方向決策者,L1（僅供參考）
§6.3 資源×決策位置,方向決策者／公開資料或開放資料（例如：政治獻金資料集）,50.0%,14,28,14/28,這個專案從開始到現在，曾使用過哪些資源？,曾參與且決策位置=方向決策者,L1（僅供參考）
§6.3 資源×決策位置,方向決策者／場地（例如：NPO Hub）,50.0%,14,28,14/28,這個專案從開始到現在，曾使用過哪些資源？,曾參與且決策位置=方向決策者,L1（僅供參考）
§6.3 資源×決策位置,方向決策者／現成的數位工具或平台（例如：Pol.is）,42.9%,12,28,12/28,這個專案從開始到現在，曾使用過哪些資源？,曾參與且決策位置=方向決策者,L1（僅供參考）
§6.3 資源×決策位置,方向決策者／政府窗口（例如：協助將專案成果結合到體制內）,42.9%,12,28,12/28,這個專案從開始到現在，曾使用過哪些資源？,曾參與且決策位置=方向決策者,L1（僅供參考）
§6.3 資源×決策位置,方向決策者／主要靠我自己想辦法,25.0%,7,28,7/28,這個專案從開始到現在，曾使用過哪些資源？,曾參與且決策位置=方向決策者,L1（僅供參考）
§6.3 資源×決策位置,方向決策者／其他（自由填答）,0.0%,0,28,0/28,這個專案從開始到現在，曾使用過哪些資源？,曾參與且決策位置=方向決策者,L1（僅供參考）
§6.3 資源×決策位置,執行協力者／人脈（例如：由社群介紹可諮詢的專家）,47.4%,9,19,9/19,這個專案從開始到現在，曾使用過哪些資源？,曾參與且決策位置=執行協力者,L1（僅供參考）
§6.3 資源×決策位置,執行協力者／經費（例如：獎助金、標案或機構支持費用）,42.1%,8,19,8/19,這個專案從開始到現在，曾使用過哪些資源？,曾參與且決策位置=執行協力者,L1（僅供參考）
§6.3 資源×決策位置,執行協力者／公開資料或開放資料（例如：政治獻金資料集）,36.8%,7,19,7/19,這個專案從開始到現在，曾使用過哪些資源？,曾參與且決策位置=執行協力者,L1（僅供參考）
§6.3 資源×決策位置,執行協力者／場地（例如：NPO Hub）,26.3%,5,19,5/19,這個專案從開始到現在，曾使用過哪些資源？,曾參與且決策位置=執行協力者,L1（僅供參考）
§6.3 資源×決策位置,執行協力者／現成的數位工具或平台（例如：Pol.is）,26.3%,5,19,5/19,這個專案從開始到現在，曾使用過哪些資源？,曾參與且決策位置=執行協力者,L1（僅供參考）
§6.3 資源×決策位置,執行協力者／政府窗口（例如：協助將專案成果結合到體制內）,21.1%,4,19,4/19,這個專案從開始到現在，曾使用過哪些資源？,曾參與且決策位置=執行協力者,L1（僅供參考）
§6.3 資源×決策位置,執行協力者／主要靠我自己想辦法,21.1%,4,19,4/19,這個專案從開始到現在，曾使用過哪些資源？,曾參與且決策位置=執行協力者,L1（僅供參考）
§6.3 資源×決策位置,執行協力者／其他（自由填答）,5.3%,1,19,1/19,這個專案從開始到現在，曾使用過哪些資源？,曾參與且決策位置=執行協力者,L1（僅供參考）
§7 出資評估準則,它要解決的問題夠重要、而且講得夠清楚,59.3%,16,27,16/27,你在決定要不要支持一個專案時，最看重哪些？請最多選 3 個因素,曾出資者 N=27,L1（僅供參考）
§7 出資評估準則,呼應我自己關心的議題,51.9%,14,27,14/27,你在決定要不要支持一個專案時，最看重哪些？請最多選 3 個因素,曾出資者 N=27,L1（僅供參考）
§7 出資評估準則,團隊或發起人的能力和信譽,44.4%,12,27,12/27,你在決定要不要支持一個專案時，最看重哪些？請最多選 3 個因素,曾出資者 N=27,L1（僅供參考）
§7 出資評估準則,預期能產生看得到、而且能被衡量的影響,44.4%,12,27,12/27,你在決定要不要支持一個專案時，最看重哪些？請最多選 3 個因素,曾出資者 N=27,L1（僅供參考）
§7 出資評估準則,專案有長期維持下去的規劃，不會經費花完就停止,40.7%,11,27,11/27,你在決定要不要支持一個專案時，最看重哪些？請最多選 3 個因素,曾出資者 N=27,L1（僅供參考）
§7 出資評估準則,當時剛好有預算或資源,25.9%,7,27,7/27,你在決定要不要支持一個專案時，最看重哪些？請最多選 3 個因素,曾出資者 N=27,L1（僅供參考）
§7 資源沙漠階段,還在很早期、只有想法的,51.9%,14,27,14/27,以你的觀察，最難找到資源的，是處在哪個階段的專案？,曾出資者 N=27,L1（僅供參考）
§7 資源沙漠階段,已經上線、要長期維運的,37.0%,10,27,10/27,以你的觀察，最難找到資源的，是處在哪個階段的專案？,曾出資者 N=27,L1（僅供參考）
§7 資源沙漠階段,已經做出原型、要往落地走的,11.1%,3,27,3/27,以你的觀察，最難找到資源的，是處在哪個階段的專案？,曾出資者 N=27,L1（僅供參考）
§8.2 跨領域工具,群眾協力與通報工具（讓沒有技術背景的人，也能簡單回報、標記，一起累積資料）,61.1%,77,126,77/126,下面這些「跨領域都用得到的工具」，你最想看哪些介紹？請選最多 3 個工具,全體，最多選 3,L2
§8.2 跨領域工具,AI 應用（用 AI 整理、查證資料等）,54.0%,68,126,68/126,下面這些「跨領域都用得到的工具」，你最想看哪些介紹？請選最多 3 個工具,全體，最多選 3,L2
§8.2 跨領域工具,資料視覺化工具,51.6%,65,126,65/126,下面這些「跨領域都用得到的工具」，你最想看哪些介紹？請選最多 3 個工具,全體，最多選 3,L2
§8.2 跨領域工具,地理資訊與地圖工具（GIS、線上地圖）,42.1%,53,126,53/126,下面這些「跨領域都用得到的工具」，你最想看哪些介紹？請選最多 3 個工具,全體，最多選 3,L2
§8.2 跨領域工具,民意蒐集與線上審議工具（例如問卷、Polis、討論平台）,32.5%,41,126,41/126,下面這些「跨領域都用得到的工具」，你最想看哪些介紹？請選最多 3 個工具,全體，最多選 3,L2
§8.2 跨領域工具,怎麼找到現成的研究成果（學術論文、政府委辦研究、考察報告）,31.0%,39,126,39/126,下面這些「跨領域都用得到的工具」，你最想看哪些介紹？請選最多 3 個工具,全體，最多選 3,L2
§8.2 跨領域工具,開放協作知識庫（維基百科、Wikidata 等共筆知識）,19.0%,24,126,24/126,下面這些「跨領域都用得到的工具」，你最想看哪些介紹？請選最多 3 個工具,全體，最多選 3,L2
§8.2 議題領域,政府預算、決算與標案（看政府的錢怎麼花）,53.5%,68,127,68/127,我們會整理「某個議題領域有哪些現成資料可以用」的清單。你最想先看到哪些領域？請選最多 5 個領域,全體，最多選 5,L2
§8.2 議題領域,地方發展與地方創生,47.2%,60,127,60/127,我們會整理「某個議題領域有哪些現成資料可以用」的清單。你最想先看到哪些領域？請選最多 5 個領域,全體，最多選 5,L2
§8.2 議題領域,防災與災害應變,42.5%,54,127,54/127,我們會整理「某個議題領域有哪些現成資料可以用」的清單。你最想先看到哪些領域？請選最多 5 個領域,全體，最多選 5,L2
§8.2 議題領域,假訊息與詐騙防治,41.7%,53,127,53/127,我們會整理「某個議題領域有哪些現成資料可以用」的清單。你最想先看到哪些領域？請選最多 5 個領域,全體，最多選 5,L2
§8.2 議題領域,環境汙染與公害,30.7%,39,127,39/127,我們會整理「某個議題領域有哪些現成資料可以用」的清單。你最想先看到哪些領域？請選最多 5 個領域,全體，最多選 5,L2
§8.2 議題領域,法律、立法歷程,30.7%,39,127,39/127,我們會整理「某個議題領域有哪些現成資料可以用」的清單。你最想先看到哪些領域？請選最多 5 個領域,全體，最多選 5,L2
§8.2 議題領域,居住與租屋,29.9%,38,127,38/127,我們會整理「某個議題領域有哪些現成資料可以用」的清單。你最想先看到哪些領域？請選最多 5 個領域,全體，最多選 5,L2
§8.2 議題領域,生態與生物多樣性,29.1%,37,127,37/127,我們會整理「某個議題領域有哪些現成資料可以用」的清單。你最想先看到哪些領域？請選最多 5 個領域,全體，最多選 5,L2
§8.2 議題領域,交通與道路安全,24.4%,31,127,31/127,我們會整理「某個議題領域有哪些現成資料可以用」的清單。你最想先看到哪些領域？請選最多 5 個領域,全體，最多選 5,L2
§8.2 議題領域,水環境（河川、海洋）,22.8%,29,127,29/127,我們會整理「某個議題領域有哪些現成資料可以用」的清單。你最想先看到哪些領域？請選最多 5 個領域,全體，最多選 5,L2
§8.2 議題領域,健康與醫療,22.0%,28,127,28/127,我們會整理「某個議題領域有哪些現成資料可以用」的清單。你最想先看到哪些領域？請選最多 5 個領域,全體，最多選 5,L2
§8.2 議題領域,土地使用與違章建築,21.3%,27,127,27/127,我們會整理「某個議題領域有哪些現成資料可以用」的清單。你最想先看到哪些領域？請選最多 5 個領域,全體，最多選 5,L2
§8.2 議題領域,教育、親子與兒少青年,20.5%,26,127,26/127,我們會整理「某個議題領域有哪些現成資料可以用」的清單。你最想先看到哪些領域？請選最多 5 個領域,全體，最多選 5,L2
§8.2 議題領域,司法判決資料,17.3%,22,127,22/127,我們會整理「某個議題領域有哪些現成資料可以用」的清單。你最想先看到哪些領域？請選最多 5 個領域,全體，最多選 5,L2
§8.2 議題領域,選舉與政見資料,16.5%,21,127,21/127,我們會整理「某個議題領域有哪些現成資料可以用」的清單。你最想先看到哪些領域？請選最多 5 個領域,全體，最多選 5,L2
§8.2 議題領域,語言與溝通（例如台語、點字）,15.0%,19,127,19/127,我們會整理「某個議題領域有哪些現成資料可以用」的清單。你最想先看到哪些領域？請選最多 5 個領域,全體，最多選 5,L2
§8.2 議題領域,台灣的森林地利用,0.8%,1,127,1/127,我們會整理「某個議題領域有哪些現成資料可以用」的清單。你最想先看到哪些領域？請選最多 5 個領域,全體，最多選 5,L2
§8.2 議題領域,勞工權益相關的領域,0.8%,1,127,1/127,我們會整理「某個議題領域有哪些現成資料可以用」的清單。你最想先看到哪些領域？請選最多 5 個領域,全體，最多選 5,L2
§8.2 議題領域,都市計畫超難查詢啦,0.8%,1,127,1/127,我們會整理「某個議題領域有哪些現成資料可以用」的清單。你最想先看到哪些領域？請選最多 5 個領域,全體，最多選 5,L2
§8.2 議題領域,轉型正義,0.8%,1,127,1/127,我們會整理「某個議題領域有哪些現成資料可以用」的清單。你最想先看到哪些領域？請選最多 5 個領域,全體，最多選 5,L2
§8.2 議題領域,雖然非化學科系，但我對事業廢棄物的處置及案件非常有興趣,0.8%,1,127,1/127,我們會整理「某個議題領域有哪些現成資料可以用」的清單。你最想先看到哪些領域？請選最多 5 個領域,全體，最多選 5,L2
§9.1 g0v 消息管道,g0v 社群管道（FB_Threads_Instgram),40.2%,51,127,51/127,你現在主要透過哪些管道，得知 g0v 的活動消息？,全體，複選,L2
§9.1 g0v 消息管道,親友推薦,40.2%,51,127,51/127,你現在主要透過哪些管道，得知 g0v 的活動消息？,全體，複選,L2
§9.1 g0v 消息管道,g0v Slack,22.8%,29,127,29/127,你現在主要透過哪些管道，得知 g0v 的活動消息？,全體，複選,L2
§9.1 g0v 消息管道,揪松團每月電子報,18.9%,24,127,24/127,你現在主要透過哪些管道，得知 g0v 的活動消息？,全體，複選,L2
§9.1 g0v 消息管道,揪松團 LINE 群組,11.8%,15,127,15/127,你現在主要透過哪些管道，得知 g0v 的活動消息？,全體，複選,L2
§9.1 g0v 消息管道,都沒有，我之前不太清楚這些管道,11.0%,14,127,14/127,你現在主要透過哪些管道，得知 g0v 的活動消息？,全體，複選,L2
§9.1 g0v 消息管道,社群活動資訊彙整網頁（https://g0v.hackmd.io/@jothon/event）,4.7%,6,127,6/127,你現在主要透過哪些管道，得知 g0v 的活動消息？,全體，複選,L2
§9.1 g0v 消息管道,[去識別化],0.8%,1,127,1/127,你現在主要透過哪些管道，得知 g0v 的活動消息？,全體，複選,L2
§9.1 g0v 消息管道,過去工作聽同事分享,0.8%,1,127,1/127,你現在主要透過哪些管道，得知 g0v 的活動消息？,全體，複選,L2
§9.1 g0v 消息管道,樓梯公佈欄,0.8%,1,127,1/127,你現在主要透過哪些管道，得知 g0v 的活動消息？,全體，複選,L2
§9.1 g0v 消息管道,g0v.social?,0.8%,1,127,1/127,你現在主要透過哪些管道，得知 g0v 的活動消息？,全體，複選,L2
§9.1 資訊管道,非營利組織（例如：開放文化基金會、地球公民基金會）,59.1%,75,127,75/127,整體來說，你主要透過哪些管道吸收公民科技的資訊？,全體，複選,L2
§9.1 資訊管道,開源社群（例如：COSCUP、SITCON、g0v）,53.5%,68,127,68/127,整體來說，你主要透過哪些管道吸收公民科技的資訊？,全體，複選,L2
§9.1 資訊管道,研究單位,19.7%,25,127,25/127,整體來說，你主要透過哪些管道吸收公民科技的資訊？,全體，複選,L2
§9.1 資訊管道,學校,15.7%,20,127,20/127,整體來說，你主要透過哪些管道吸收公民科技的資訊？,全體，複選,L2
§9.1 資訊管道,我還不熟悉相關資訊管道,11.0%,14,127,14/127,整體來說，你主要透過哪些管道吸收公民科技的資訊？,全體，複選,L2
§9.1 資訊管道,政府單位,7.1%,9,127,9/127,整體來說，你主要透過哪些管道吸收公民科技的資訊？,全體，複選,L2
§9.1 資訊管道,企業,1.6%,2,127,2/127,整體來說，你主要透過哪些管道吸收公民科技的資訊？,全體，複選,L2
§9.1 資訊管道,[去識別化],0.8%,1,127,1/127,整體來說，你主要透過哪些管道吸收公民科技的資訊？,全體，複選,L2
§9.1 資訊管道,社群媒體,0.8%,1,127,1/127,整體來說，你主要透過哪些管道吸收公民科技的資訊？,全體，複選,L2
§9.1 資訊管道,朋友轉發,0.8%,1,127,1/127,整體來說，你主要透過哪些管道吸收公民科技的資訊？,全體，複選,L2
§9.1 資訊管道,朋友圈分享,0.8%,1,127,1/127,整體來說，你主要透過哪些管道吸收公民科技的資訊？,全體，複選,L2
§9.1 資訊管道,個人興趣，主動搜尋,0.8%,1,127,1/127,整體來說，你主要透過哪些管道吸收公民科技的資訊？,全體，複選,L2
§9.1 資訊管道,有關注網路意見領袖，他們會分享,0.8%,1,127,1/127,整體來說，你主要透過哪些管道吸收公民科技的資訊？,全體，複選,L2
§9.2 未參與原因,不知道有哪些專案或議題,61.5%,16,26,16/26,你聽過或看過公民科技，但還沒真正參與，最主要的原因是什麼？（請最多選 3 個原因）,從未接觸層 N=26（此題未問「接觸未參與」層）,L1（僅供參考）
§9.2 未參與原因,身邊沒有人帶，怕自己融不進去、或幫不上忙,53.8%,14,26,14/26,你聽過或看過公民科技，但還沒真正參與，最主要的原因是什麼？（請最多選 3 個原因）,從未接觸層 N=26（此題未問「接觸未參與」層）,L1（僅供參考）
§9.2 未參與原因,不知道怎麼加入、找不到入口,50.0%,13,26,13/26,你聽過或看過公民科技，但還沒真正參與，最主要的原因是什麼？（請最多選 3 個原因）,從未接觸層 N=26（此題未問「接觸未參與」層）,L1（僅供參考）
§9.2 未參與原因,覺得要會寫程式、技術門檻太高,34.6%,9,26,9/26,你聽過或看過公民科技，但還沒真正參與，最主要的原因是什麼？（請最多選 3 個原因）,從未接觸層 N=26（此題未問「接觸未參與」層）,L1（僅供參考）
§9.2 未參與原因,沒有時間,30.8%,8,26,8/26,你聽過或看過公民科技，但還沒真正參與，最主要的原因是什麼？（請最多選 3 個原因）,從未接觸層 N=26（此題未問「接觸未參與」層）,L1（僅供參考）
§9.2 未參與原因,還沒遇到讓我想投入的議題,15.4%,4,26,4/26,你聽過或看過公民科技，但還沒真正參與，最主要的原因是什麼？（請最多選 3 個原因）,從未接觸層 N=26（此題未問「接觸未參與」層）,L1（僅供參考）
§9.2 未參與原因,覺得參與好像也改變不了什麼,7.7%,2,26,2/26,你聽過或看過公民科技，但還沒真正參與，最主要的原因是什麼？（請最多選 3 個原因）,從未接觸層 N=26（此題未問「接觸未參與」層）,L1（僅供參考）
§9.2 未參與原因,其他（自由填答）,3.8%,1,26,1/26,你聽過或看過公民科技，但還沒真正參與，最主要的原因是什麼？（請最多選 3 個原因）,從未接觸層 N=26（此題未問「接觸未參與」層）,L1（僅供參考）
§9.4 活動意願,公私協力怎麼談：一起討論公部門和民間合作的方法，以及常卡在哪,57.5%,73,127,73/127,如果 g0v 揪松團舉辦下面這些活動，你最想報名的是哪兩個？,全體，最多選 2,L2
§9.4 活動意願,公民科技實戰心法：從真實案例復盤，學前人怎麼把專案做起來,51.2%,65,127,65/127,如果 g0v 揪松團舉辦下面這些活動，你最想報名的是哪兩個？,全體，最多選 2,L2
§9.4 活動意願,公民科技資料庫入門：學會用網站和 AI 問答，快速查專案、看懂專案怎麼組成,48.8%,62,127,62/127,如果 g0v 揪松團舉辦下面這些活動，你最想報名的是哪兩個？,全體，最多選 2,L2
§9.4 活動意願,用 AI 幫你提案：從零開始，動手把點子變成專案構想和藍圖,33.1%,42,127,42/127,如果 g0v 揪松團舉辦下面這些活動，你最想報名的是哪兩個？,全體，最多選 2,L2
§9.4 活動意願,目前都沒有特別想參加,1.6%,2,127,2/127,如果 g0v 揪松團舉辦下面這些活動，你最想報名的是哪兩個？,全體，最多選 2,L2
§9.4 活動意願,寫出雛形 但想知道如何優化,0.8%,1,127,1/127,如果 g0v 揪松團舉辦下面這些活動，你最想報名的是哪兩個？,全體，最多選 2,L2
§9.4 活動意願×三層,從未接觸／公私協力怎麼談：一起討論公部門和民間合作的方法，以及常卡在哪,46.2%,12,26,12/26,如果 g0v 揪松團舉辦下面這些活動，你最想報名的是哪兩個？,入坑分層=從未接觸,L1（僅供參考）
§9.4 活動意願×三層,從未接觸／公民科技實戰心法：從真實案例復盤，學前人怎麼把專案做起來,53.8%,14,26,14/26,如果 g0v 揪松團舉辦下面這些活動，你最想報名的是哪兩個？,入坑分層=從未接觸,L1（僅供參考）
§9.4 活動意願×三層,從未接觸／公民科技資料庫入門：學會用網站和 AI 問答，快速查專案、看懂專案怎麼組成,69.2%,18,26,18/26,如果 g0v 揪松團舉辦下面這些活動，你最想報名的是哪兩個？,入坑分層=從未接觸,L1（僅供參考）
§9.4 活動意願×三層,從未接觸／用 AI 幫你提案：從零開始，動手把點子變成專案構想和藍圖,34.6%,9,26,9/26,如果 g0v 揪松團舉辦下面這些活動，你最想報名的是哪兩個？,入坑分層=從未接觸,L1（僅供參考）
§9.4 活動意願×三層,從未接觸／目前都沒有特別想參加,0.0%,0,26,0/26,如果 g0v 揪松團舉辦下面這些活動，你最想報名的是哪兩個？,入坑分層=從未接觸,L1（僅供參考）
§9.4 活動意願×三層,從未接觸／寫出雛形 但想知道如何優化,0.0%,0,26,0/26,如果 g0v 揪松團舉辦下面這些活動，你最想報名的是哪兩個？,入坑分層=從未接觸,L1（僅供參考）
§9.4 活動意願×三層,接觸未參與／公私協力怎麼談：一起討論公部門和民間合作的方法，以及常卡在哪,59.3%,32,54,32/54,如果 g0v 揪松團舉辦下面這些活動，你最想報名的是哪兩個？,入坑分層=接觸未參與,L3
§9.4 活動意願×三層,接觸未參與／公民科技實戰心法：從真實案例復盤，學前人怎麼把專案做起來,51.9%,28,54,28/54,如果 g0v 揪松團舉辦下面這些活動，你最想報名的是哪兩個？,入坑分層=接觸未參與,L3
§9.4 活動意願×三層,接觸未參與／公民科技資料庫入門：學會用網站和 AI 問答，快速查專案、看懂專案怎麼組成,50.0%,27,54,27/54,如果 g0v 揪松團舉辦下面這些活動，你最想報名的是哪兩個？,入坑分層=接觸未參與,L3
§9.4 活動意願×三層,接觸未參與／用 AI 幫你提案：從零開始，動手把點子變成專案構想和藍圖,29.6%,16,54,16/54,如果 g0v 揪松團舉辦下面這些活動，你最想報名的是哪兩個？,入坑分層=接觸未參與,L3
§9.4 活動意願×三層,接觸未參與／目前都沒有特別想參加,0.0%,0,54,0/54,如果 g0v 揪松團舉辦下面這些活動，你最想報名的是哪兩個？,入坑分層=接觸未參與,L3
§9.4 活動意願×三層,接觸未參與／寫出雛形 但想知道如何優化,0.0%,0,54,0/54,如果 g0v 揪松團舉辦下面這些活動，你最想報名的是哪兩個？,入坑分層=接觸未參與,L3
§9.4 活動意願×三層,曾參與／公私協力怎麼談：一起討論公部門和民間合作的方法，以及常卡在哪,61.7%,29,47,29/47,如果 g0v 揪松團舉辦下面這些活動，你最想報名的是哪兩個？,入坑分層=曾參與,L2
§9.4 活動意願×三層,曾參與／公民科技實戰心法：從真實案例復盤，學前人怎麼把專案做起來,48.9%,23,47,23/47,如果 g0v 揪松團舉辦下面這些活動，你最想報名的是哪兩個？,入坑分層=曾參與,L2
§9.4 活動意願×三層,曾參與／公民科技資料庫入門：學會用網站和 AI 問答，快速查專案、看懂專案怎麼組成,36.2%,17,47,17/47,如果 g0v 揪松團舉辦下面這些活動，你最想報名的是哪兩個？,入坑分層=曾參與,L2
§9.4 活動意願×三層,曾參與／用 AI 幫你提案：從零開始，動手把點子變成專案構想和藍圖,36.2%,17,47,17/47,如果 g0v 揪松團舉辦下面這些活動，你最想報名的是哪兩個？,入坑分層=曾參與,L2
§9.4 活動意願×三層,曾參與／目前都沒有特別想參加,4.3%,2,47,2/47,如果 g0v 揪松團舉辦下面這些活動，你最想報名的是哪兩個？,入坑分層=曾參與,L2
§9.4 活動意願×三層,曾參與／寫出雛形 但想知道如何優化,2.1%,1,47,1/47,如果 g0v 揪松團舉辦下面這些活動，你最想報名的是哪兩個？,入坑分層=曾參與,L2
§8.1 狩野（全體）,如何發起一個公民科技專案,SI 0.598／DSI -0.316（魅力 A）,70,117,SI=(A42+O28)/117；DSI=-(O28+M9)/117,02_狩野_全體.csv（功能型×反功能型查表）,全體有作答者；分母排除 R 與 Q,L3
§8.1 狩野（全體）,沒有現成資料時，怎麼搜尋、整理或自建資料集,SI 0.624／DSI -0.333（魅力 A）,73,117,SI=(A41+O32)/117；DSI=-(O32+M7)/117,02_狩野_全體.csv（功能型×反功能型查表）,全體有作答者；分母排除 R 與 Q,L3
§8.1 狩野（全體）,怎麼捲動更多人（包含不會寫程式的人）一起參與,SI 0.624／DSI -0.239（魅力 A）,73,117,SI=(A51+O22)/117；DSI=-(O22+M6)/117,02_狩野_全體.csv（功能型×反功能型查表）,全體有作答者；分母排除 R 與 Q,L3
§8.1 狩野（全體）,怎麼留住夥伴、維持團隊運作的能量,SI 0.65／DSI -0.239（魅力 A）,76,117,SI=(A52+O24)/117；DSI=-(O24+M4)/117,02_狩野_全體.csv（功能型×反功能型查表）,全體有作答者；分母排除 R 與 Q,L3
§8.1 狩野（全體）,怎麼讓做好的東西真正落地、接進體制,SI 0.793／DSI -0.44（魅力 A）,92,116,SI=(A47+O45)/116；DSI=-(O45+M6)/116,02_狩野_全體.csv（功能型×反功能型查表）,全體有作答者；分母排除 R 與 Q,L3
§10 新舊對照,如何發起一個公民科技專案,SI 0.595→0.598,6,126,120→126，差 6（應=6）,02_狩野_新舊對照.csv,新檔 vs 舊去識別化檔,黃金對照
§10 新舊對照,沒有現成資料時，怎麼搜尋、整理或自建資料集,SI 0.622→0.624,6,126,120→126，差 6（應=6）,02_狩野_新舊對照.csv,新檔 vs 舊去識別化檔,黃金對照
§10 新舊對照,怎麼捲動更多人（包含不會寫程式的人）一起參與,SI 0.613→0.624,6,126,120→126，差 6（應=6）,02_狩野_新舊對照.csv,新檔 vs 舊去識別化檔,黃金對照
§10 新舊對照,怎麼留住夥伴、維持團隊運作的能量,SI 0.64→0.65,6,126,120→126，差 6（應=6）,02_狩野_新舊對照.csv,新檔 vs 舊去識別化檔,黃金對照
§10 新舊對照,怎麼讓做好的東西真正落地、接進體制,SI 0.791→0.793,6,126,120→126，差 6（應=6）,02_狩野_新舊對照.csv,新檔 vs 舊去識別化檔,黃金對照
