分群,困難,分子_達3以上,分母_作答人數,群人數,達3以上比例,全體曾參與者比例,lift,lift留空原因,分子_達4以上,達4以上比例,平均分_次要,該群平均角色廣度,信賴度,決策可用性,達3定義,讀法說明,平均分警語
使用者,抓不準專案到底要解決什麼問題,5,39,39,0.1282,0.1277,1.0,,2,0.0513,1.62,3.49,L2,可用於比較,「達3」＝該題評 3、4、5 分者合計（共 13 題，每題強制作答 1–5 分，無「沒遇到」選項）,這張表算的是做過專案的 47 人。可以這樣讀：五個角色各自的水準。不要這樣讀——（1）表中五列的排列順序沒有含意，只是固定的呈現順序，不代表角色由淺到深：勾「出錢或調度資源」的人完全可能沒使用過、也沒推廣過任何專案；（2）角色是複選，同一個人可以同時落在好幾列，所以各列不是互斥的類別，不能互相比高低；（3）各群的「該群平均角色廣度」不一樣（3.49–4.56），群與群之間的差異可能只是「身兼多職的人撞到比較多種困難」。,此題實際上線版本沒有「沒遇到」選項，13 題皆為 1–5 強制作答，「1：幾乎沒影響」混合了「沒發生過」與「發生了但無感」兩種情況，故平均值系統性低估，主要指標採 %≥3。
使用者,找不到願意一起做的夥伴,8,39,39,0.2051,0.234,0.88,,3,0.0769,2.0,3.49,L2,可用於比較,「達3」＝該題評 3、4、5 分者合計（共 13 題，每題強制作答 1–5 分，無「沒遇到」選項）,這張表算的是做過專案的 47 人。可以這樣讀：五個角色各自的水準。不要這樣讀——（1）表中五列的排列順序沒有含意，只是固定的呈現順序，不代表角色由淺到深：勾「出錢或調度資源」的人完全可能沒使用過、也沒推廣過任何專案；（2）角色是複選，同一個人可以同時落在好幾列，所以各列不是互斥的類別，不能互相比高低；（3）各群的「該群平均角色廣度」不一樣（3.49–4.56），群與群之間的差異可能只是「身兼多職的人撞到比較多種困難」。,此題實際上線版本沒有「沒遇到」選項，13 題皆為 1–5 強制作答，「1：幾乎沒影響」混合了「沒發生過」與「發生了但無感」兩種情況，故平均值系統性低估，主要指標採 %≥3。
使用者,新手或不會寫程式的人，不知道能幫什麼,5,39,39,0.1282,0.1064,1.21,,2,0.0513,1.64,3.49,L2,可用於比較,「達3」＝該題評 3、4、5 分者合計（共 13 題，每題強制作答 1–5 分，無「沒遇到」選項）,這張表算的是做過專案的 47 人。可以這樣讀：五個角色各自的水準。不要這樣讀——（1）表中五列的排列順序沒有含意，只是固定的呈現順序，不代表角色由淺到深：勾「出錢或調度資源」的人完全可能沒使用過、也沒推廣過任何專案；（2）角色是複選，同一個人可以同時落在好幾列，所以各列不是互斥的類別，不能互相比高低；（3）各群的「該群平均角色廣度」不一樣（3.49–4.56），群與群之間的差異可能只是「身兼多職的人撞到比較多種困難」。,此題實際上線版本沒有「沒遇到」選項，13 題皆為 1–5 強制作答，「1：幾乎沒影響」混合了「沒發生過」與「發生了但無感」兩種情況，故平均值系統性低估，主要指標採 %≥3。
使用者,參與者突然消失，留下大量未完成任務,5,39,39,0.1282,0.1489,0.86,,0,0.0,1.56,3.49,L2,可用於比較,「達3」＝該題評 3、4、5 分者合計（共 13 題，每題強制作答 1–5 分，無「沒遇到」選項）,這張表算的是做過專案的 47 人。可以這樣讀：五個角色各自的水準。不要這樣讀——（1）表中五列的排列順序沒有含意，只是固定的呈現順序，不代表角色由淺到深：勾「出錢或調度資源」的人完全可能沒使用過、也沒推廣過任何專案；（2）角色是複選，同一個人可以同時落在好幾列，所以各列不是互斥的類別，不能互相比高低；（3）各群的「該群平均角色廣度」不一樣（3.49–4.56），群與群之間的差異可能只是「身兼多職的人撞到比較多種困難」。,此題實際上線版本沒有「沒遇到」選項，13 題皆為 1–5 強制作答，「1：幾乎沒影響」混合了「沒發生過」與「發生了但無感」兩種情況，故平均值系統性低估，主要指標採 %≥3。
使用者,專案缺少文件或交接，人一走、知識就斷了,4,39,39,0.1026,0.1277,,分子<5，lift 為雜訊,1,0.0256,1.56,3.49,L2,可用於比較,「達3」＝該題評 3、4、5 分者合計（共 13 題，每題強制作答 1–5 分，無「沒遇到」選項）,這張表算的是做過專案的 47 人。可以這樣讀：五個角色各自的水準。不要這樣讀——（1）表中五列的排列順序沒有含意，只是固定的呈現順序，不代表角色由淺到深：勾「出錢或調度資源」的人完全可能沒使用過、也沒推廣過任何專案；（2）角色是複選，同一個人可以同時落在好幾列，所以各列不是互斥的類別，不能互相比高低；（3）各群的「該群平均角色廣度」不一樣（3.49–4.56），群與群之間的差異可能只是「身兼多職的人撞到比較多種困難」。,此題實際上線版本沒有「沒遇到」選項，13 題皆為 1–5 強制作答，「1：幾乎沒影響」混合了「沒發生過」與「發生了但無感」兩種情況，故平均值系統性低估，主要指標採 %≥3。
使用者,核心成員累垮，常常一個人撐住整個專案,11,39,39,0.2821,0.3191,0.88,,4,0.1026,2.1,3.49,L2,可用於比較,「達3」＝該題評 3、4、5 分者合計（共 13 題，每題強制作答 1–5 分，無「沒遇到」選項）,這張表算的是做過專案的 47 人。可以這樣讀：五個角色各自的水準。不要這樣讀——（1）表中五列的排列順序沒有含意，只是固定的呈現順序，不代表角色由淺到深：勾「出錢或調度資源」的人完全可能沒使用過、也沒推廣過任何專案；（2）角色是複選，同一個人可以同時落在好幾列，所以各列不是互斥的類別，不能互相比高低；（3）各群的「該群平均角色廣度」不一樣（3.49–4.56），群與群之間的差異可能只是「身兼多職的人撞到比較多種困難」。,此題實際上線版本沒有「沒遇到」選項，13 題皆為 1–5 強制作答，「1：幾乎沒影響」混合了「沒發生過」與「發生了但無感」兩種情況，故平均值系統性低估，主要指標採 %≥3。
使用者,專案難有穩定進度，容易停滯,16,39,39,0.4103,0.383,1.07,,6,0.1538,2.33,3.49,L2,可用於比較,「達3」＝該題評 3、4、5 分者合計（共 13 題，每題強制作答 1–5 分，無「沒遇到」選項）,這張表算的是做過專案的 47 人。可以這樣讀：五個角色各自的水準。不要這樣讀——（1）表中五列的排列順序沒有含意，只是固定的呈現順序，不代表角色由淺到深：勾「出錢或調度資源」的人完全可能沒使用過、也沒推廣過任何專案；（2）角色是複選，同一個人可以同時落在好幾列，所以各列不是互斥的類別，不能互相比高低；（3）各群的「該群平均角色廣度」不一樣（3.49–4.56），群與群之間的差異可能只是「身兼多職的人撞到比較多種困難」。,此題實際上線版本沒有「沒遇到」選項，13 題皆為 1–5 強制作答，「1：幾乎沒影響」混合了「沒發生過」與「發生了但無感」兩種情況，故平均值系統性低估，主要指標採 %≥3。
使用者,拿到經費或補助後，不知道怎麼管帳、報稅或處理聘僱,3,39,39,0.0769,0.0638,,分子<5，lift 為雜訊,0,0.0,1.33,3.49,L2,可用於比較,「達3」＝該題評 3、4、5 分者合計（共 13 題，每題強制作答 1–5 分，無「沒遇到」選項）,這張表算的是做過專案的 47 人。可以這樣讀：五個角色各自的水準。不要這樣讀——（1）表中五列的排列順序沒有含意，只是固定的呈現順序，不代表角色由淺到深：勾「出錢或調度資源」的人完全可能沒使用過、也沒推廣過任何專案；（2）角色是複選，同一個人可以同時落在好幾列，所以各列不是互斥的類別，不能互相比高低；（3）各群的「該群平均角色廣度」不一樣（3.49–4.56），群與群之間的差異可能只是「身兼多職的人撞到比較多種困難」。,此題實際上線版本沒有「沒遇到」選項，13 題皆為 1–5 強制作答，「1：幾乎沒影響」混合了「沒發生過」與「發生了但無感」兩種情況，故平均值系統性低估，主要指標採 %≥3。
使用者,專案要改變方向、或要對外代表時，不確定誰有權責拍板,7,39,39,0.1795,0.1702,1.05,,0,0.0,1.56,3.49,L2,可用於比較,「達3」＝該題評 3、4、5 分者合計（共 13 題，每題強制作答 1–5 分，無「沒遇到」選項）,這張表算的是做過專案的 47 人。可以這樣讀：五個角色各自的水準。不要這樣讀——（1）表中五列的排列順序沒有含意，只是固定的呈現順序，不代表角色由淺到深：勾「出錢或調度資源」的人完全可能沒使用過、也沒推廣過任何專案；（2）角色是複選，同一個人可以同時落在好幾列，所以各列不是互斥的類別，不能互相比高低；（3）各群的「該群平均角色廣度」不一樣（3.49–4.56），群與群之間的差異可能只是「身兼多職的人撞到比較多種困難」。,此題實際上線版本沒有「沒遇到」選項，13 題皆為 1–5 強制作答，「1：幾乎沒影響」混合了「沒發生過」與「發生了但無感」兩種情況，故平均值系統性低估，主要指標採 %≥3。
使用者,找不到對接的政府窗口、發訊息沒人理,7,39,39,0.1795,0.1489,1.21,,2,0.0513,1.62,3.49,L2,可用於比較,「達3」＝該題評 3、4、5 分者合計（共 13 題，每題強制作答 1–5 分，無「沒遇到」選項）,這張表算的是做過專案的 47 人。可以這樣讀：五個角色各自的水準。不要這樣讀——（1）表中五列的排列順序沒有含意，只是固定的呈現順序，不代表角色由淺到深：勾「出錢或調度資源」的人完全可能沒使用過、也沒推廣過任何專案；（2）角色是複選，同一個人可以同時落在好幾列，所以各列不是互斥的類別，不能互相比高低；（3）各群的「該群平均角色廣度」不一樣（3.49–4.56），群與群之間的差異可能只是「身兼多職的人撞到比較多種困難」。,此題實際上線版本沒有「沒遇到」選項，13 題皆為 1–5 強制作答，「1：幾乎沒影響」混合了「沒發生過」與「發生了但無感」兩種情況，故平均值系統性低估，主要指標採 %≥3。
使用者,公務員不信任你、不願給你需要的資訊,7,39,39,0.1795,0.1915,0.94,,2,0.0513,1.59,3.49,L2,可用於比較,「達3」＝該題評 3、4、5 分者合計（共 13 題，每題強制作答 1–5 分，無「沒遇到」選項）,這張表算的是做過專案的 47 人。可以這樣讀：五個角色各自的水準。不要這樣讀——（1）表中五列的排列順序沒有含意，只是固定的呈現順序，不代表角色由淺到深：勾「出錢或調度資源」的人完全可能沒使用過、也沒推廣過任何專案；（2）角色是複選，同一個人可以同時落在好幾列，所以各列不是互斥的類別，不能互相比高低；（3）各群的「該群平均角色廣度」不一樣（3.49–4.56），群與群之間的差異可能只是「身兼多職的人撞到比較多種困難」。,此題實際上線版本沒有「沒遇到」選項，13 題皆為 1–5 強制作答，「1：幾乎沒影響」混合了「沒發生過」與「發生了但無感」兩種情況，故平均值系統性低估，主要指標採 %≥3。
使用者,想要的資料拿不到、不知道去哪要,3,39,39,0.0769,0.1277,,分子<5，lift 為雜訊,2,0.0513,1.51,3.49,L2,可用於比較,「達3」＝該題評 3、4、5 分者合計（共 13 題，每題強制作答 1–5 分，無「沒遇到」選項）,這張表算的是做過專案的 47 人。可以這樣讀：五個角色各自的水準。不要這樣讀——（1）表中五列的排列順序沒有含意，只是固定的呈現順序，不代表角色由淺到深：勾「出錢或調度資源」的人完全可能沒使用過、也沒推廣過任何專案；（2）角色是複選，同一個人可以同時落在好幾列，所以各列不是互斥的類別，不能互相比高低；（3）各群的「該群平均角色廣度」不一樣（3.49–4.56），群與群之間的差異可能只是「身兼多職的人撞到比較多種困難」。,此題實際上線版本沒有「沒遇到」選項，13 題皆為 1–5 強制作答，「1：幾乎沒影響」混合了「沒發生過」與「發生了但無感」兩種情況，故平均值系統性低估，主要指標採 %≥3。
使用者,做出來的成果（工具、服務）很難真正發揮影響力,13,39,39,0.3333,0.3617,0.92,,5,0.1282,2.15,3.49,L2,可用於比較,「達3」＝該題評 3、4、5 分者合計（共 13 題，每題強制作答 1–5 分，無「沒遇到」選項）,這張表算的是做過專案的 47 人。可以這樣讀：五個角色各自的水準。不要這樣讀——（1）表中五列的排列順序沒有含意，只是固定的呈現順序，不代表角色由淺到深：勾「出錢或調度資源」的人完全可能沒使用過、也沒推廣過任何專案；（2）角色是複選，同一個人可以同時落在好幾列，所以各列不是互斥的類別，不能互相比高低；（3）各群的「該群平均角色廣度」不一樣（3.49–4.56），群與群之間的差異可能只是「身兼多職的人撞到比較多種困難」。,此題實際上線版本沒有「沒遇到」選項，13 題皆為 1–5 強制作答，「1：幾乎沒影響」混合了「沒發生過」與「發生了但無感」兩種情況，故平均值系統性低估，主要指標採 %≥3。
落地推廣,抓不準專案到底要解決什麼問題,6,36,36,0.1667,0.1277,1.31,,2,0.0556,1.72,3.47,L2,可用於比較,「達3」＝該題評 3、4、5 分者合計（共 13 題，每題強制作答 1–5 分，無「沒遇到」選項）,這張表算的是做過專案的 47 人。可以這樣讀：五個角色各自的水準。不要這樣讀——（1）表中五列的排列順序沒有含意，只是固定的呈現順序，不代表角色由淺到深：勾「出錢或調度資源」的人完全可能沒使用過、也沒推廣過任何專案；（2）角色是複選，同一個人可以同時落在好幾列，所以各列不是互斥的類別，不能互相比高低；（3）各群的「該群平均角色廣度」不一樣（3.49–4.56），群與群之間的差異可能只是「身兼多職的人撞到比較多種困難」。,此題實際上線版本沒有「沒遇到」選項，13 題皆為 1–5 強制作答，「1：幾乎沒影響」混合了「沒發生過」與「發生了但無感」兩種情況，故平均值系統性低估，主要指標採 %≥3。
落地推廣,找不到願意一起做的夥伴,7,36,36,0.1944,0.234,0.83,,3,0.0833,1.97,3.47,L2,可用於比較,「達3」＝該題評 3、4、5 分者合計（共 13 題，每題強制作答 1–5 分，無「沒遇到」選項）,這張表算的是做過專案的 47 人。可以這樣讀：五個角色各自的水準。不要這樣讀——（1）表中五列的排列順序沒有含意，只是固定的呈現順序，不代表角色由淺到深：勾「出錢或調度資源」的人完全可能沒使用過、也沒推廣過任何專案；（2）角色是複選，同一個人可以同時落在好幾列，所以各列不是互斥的類別，不能互相比高低；（3）各群的「該群平均角色廣度」不一樣（3.49–4.56），群與群之間的差異可能只是「身兼多職的人撞到比較多種困難」。,此題實際上線版本沒有「沒遇到」選項，13 題皆為 1–5 強制作答，「1：幾乎沒影響」混合了「沒發生過」與「發生了但無感」兩種情況，故平均值系統性低估，主要指標採 %≥3。
落地推廣,新手或不會寫程式的人，不知道能幫什麼,5,36,36,0.1389,0.1064,1.31,,2,0.0556,1.69,3.47,L2,可用於比較,「達3」＝該題評 3、4、5 分者合計（共 13 題，每題強制作答 1–5 分，無「沒遇到」選項）,這張表算的是做過專案的 47 人。可以這樣讀：五個角色各自的水準。不要這樣讀——（1）表中五列的排列順序沒有含意，只是固定的呈現順序，不代表角色由淺到深：勾「出錢或調度資源」的人完全可能沒使用過、也沒推廣過任何專案；（2）角色是複選，同一個人可以同時落在好幾列，所以各列不是互斥的類別，不能互相比高低；（3）各群的「該群平均角色廣度」不一樣（3.49–4.56），群與群之間的差異可能只是「身兼多職的人撞到比較多種困難」。,此題實際上線版本沒有「沒遇到」選項，13 題皆為 1–5 強制作答，「1：幾乎沒影響」混合了「沒發生過」與「發生了但無感」兩種情況，故平均值系統性低估，主要指標採 %≥3。
落地推廣,參與者突然消失，留下大量未完成任務,6,36,36,0.1667,0.1489,1.12,,1,0.0278,1.64,3.47,L2,可用於比較,「達3」＝該題評 3、4、5 分者合計（共 13 題，每題強制作答 1–5 分，無「沒遇到」選項）,這張表算的是做過專案的 47 人。可以這樣讀：五個角色各自的水準。不要這樣讀——（1）表中五列的排列順序沒有含意，只是固定的呈現順序，不代表角色由淺到深：勾「出錢或調度資源」的人完全可能沒使用過、也沒推廣過任何專案；（2）角色是複選，同一個人可以同時落在好幾列，所以各列不是互斥的類別，不能互相比高低；（3）各群的「該群平均角色廣度」不一樣（3.49–4.56），群與群之間的差異可能只是「身兼多職的人撞到比較多種困難」。,此題實際上線版本沒有「沒遇到」選項，13 題皆為 1–5 強制作答，「1：幾乎沒影響」混合了「沒發生過」與「發生了但無感」兩種情況，故平均值系統性低估，主要指標採 %≥3。
落地推廣,專案缺少文件或交接，人一走、知識就斷了,4,36,36,0.1111,0.1277,,分子<5，lift 為雜訊,2,0.0556,1.64,3.47,L2,可用於比較,「達3」＝該題評 3、4、5 分者合計（共 13 題，每題強制作答 1–5 分，無「沒遇到」選項）,這張表算的是做過專案的 47 人。可以這樣讀：五個角色各自的水準。不要這樣讀——（1）表中五列的排列順序沒有含意，只是固定的呈現順序，不代表角色由淺到深：勾「出錢或調度資源」的人完全可能沒使用過、也沒推廣過任何專案；（2）角色是複選，同一個人可以同時落在好幾列，所以各列不是互斥的類別，不能互相比高低；（3）各群的「該群平均角色廣度」不一樣（3.49–4.56），群與群之間的差異可能只是「身兼多職的人撞到比較多種困難」。,此題實際上線版本沒有「沒遇到」選項，13 題皆為 1–5 強制作答，「1：幾乎沒影響」混合了「沒發生過」與「發生了但無感」兩種情況，故平均值系統性低估，主要指標採 %≥3。
落地推廣,核心成員累垮，常常一個人撐住整個專案,10,36,36,0.2778,0.3191,0.87,,3,0.0833,2.08,3.47,L2,可用於比較,「達3」＝該題評 3、4、5 分者合計（共 13 題，每題強制作答 1–5 分，無「沒遇到」選項）,這張表算的是做過專案的 47 人。可以這樣讀：五個角色各自的水準。不要這樣讀——（1）表中五列的排列順序沒有含意，只是固定的呈現順序，不代表角色由淺到深：勾「出錢或調度資源」的人完全可能沒使用過、也沒推廣過任何專案；（2）角色是複選，同一個人可以同時落在好幾列，所以各列不是互斥的類別，不能互相比高低；（3）各群的「該群平均角色廣度」不一樣（3.49–4.56），群與群之間的差異可能只是「身兼多職的人撞到比較多種困難」。,此題實際上線版本沒有「沒遇到」選項，13 題皆為 1–5 強制作答，「1：幾乎沒影響」混合了「沒發生過」與「發生了但無感」兩種情況，故平均值系統性低估，主要指標採 %≥3。
落地推廣,專案難有穩定進度，容易停滯,13,36,36,0.3611,0.383,0.94,,4,0.1111,2.22,3.47,L2,可用於比較,「達3」＝該題評 3、4、5 分者合計（共 13 題，每題強制作答 1–5 分，無「沒遇到」選項）,這張表算的是做過專案的 47 人。可以這樣讀：五個角色各自的水準。不要這樣讀——（1）表中五列的排列順序沒有含意，只是固定的呈現順序，不代表角色由淺到深：勾「出錢或調度資源」的人完全可能沒使用過、也沒推廣過任何專案；（2）角色是複選，同一個人可以同時落在好幾列，所以各列不是互斥的類別，不能互相比高低；（3）各群的「該群平均角色廣度」不一樣（3.49–4.56），群與群之間的差異可能只是「身兼多職的人撞到比較多種困難」。,此題實際上線版本沒有「沒遇到」選項，13 題皆為 1–5 強制作答，「1：幾乎沒影響」混合了「沒發生過」與「發生了但無感」兩種情況，故平均值系統性低估，主要指標採 %≥3。
落地推廣,拿到經費或補助後，不知道怎麼管帳、報稅或處理聘僱,3,36,36,0.0833,0.0638,,分子<5，lift 為雜訊,0,0.0,1.33,3.47,L2,可用於比較,「達3」＝該題評 3、4、5 分者合計（共 13 題，每題強制作答 1–5 分，無「沒遇到」選項）,這張表算的是做過專案的 47 人。可以這樣讀：五個角色各自的水準。不要這樣讀——（1）表中五列的排列順序沒有含意，只是固定的呈現順序，不代表角色由淺到深：勾「出錢或調度資源」的人完全可能沒使用過、也沒推廣過任何專案；（2）角色是複選，同一個人可以同時落在好幾列，所以各列不是互斥的類別，不能互相比高低；（3）各群的「該群平均角色廣度」不一樣（3.49–4.56），群與群之間的差異可能只是「身兼多職的人撞到比較多種困難」。,此題實際上線版本沒有「沒遇到」選項，13 題皆為 1–5 強制作答，「1：幾乎沒影響」混合了「沒發生過」與「發生了但無感」兩種情況，故平均值系統性低估，主要指標採 %≥3。
落地推廣,專案要改變方向、或要對外代表時，不確定誰有權責拍板,6,36,36,0.1667,0.1702,0.98,,0,0.0,1.58,3.47,L2,可用於比較,「達3」＝該題評 3、4、5 分者合計（共 13 題，每題強制作答 1–5 分，無「沒遇到」選項）,這張表算的是做過專案的 47 人。可以這樣讀：五個角色各自的水準。不要這樣讀——（1）表中五列的排列順序沒有含意，只是固定的呈現順序，不代表角色由淺到深：勾「出錢或調度資源」的人完全可能沒使用過、也沒推廣過任何專案；（2）角色是複選，同一個人可以同時落在好幾列，所以各列不是互斥的類別，不能互相比高低；（3）各群的「該群平均角色廣度」不一樣（3.49–4.56），群與群之間的差異可能只是「身兼多職的人撞到比較多種困難」。,此題實際上線版本沒有「沒遇到」選項，13 題皆為 1–5 強制作答，「1：幾乎沒影響」混合了「沒發生過」與「發生了但無感」兩種情況，故平均值系統性低估，主要指標採 %≥3。
落地推廣,找不到對接的政府窗口、發訊息沒人理,7,36,36,0.1944,0.1489,1.31,,2,0.0556,1.69,3.47,L2,可用於比較,「達3」＝該題評 3、4、5 分者合計（共 13 題，每題強制作答 1–5 分，無「沒遇到」選項）,這張表算的是做過專案的 47 人。可以這樣讀：五個角色各自的水準。不要這樣讀——（1）表中五列的排列順序沒有含意，只是固定的呈現順序，不代表角色由淺到深：勾「出錢或調度資源」的人完全可能沒使用過、也沒推廣過任何專案；（2）角色是複選，同一個人可以同時落在好幾列，所以各列不是互斥的類別，不能互相比高低；（3）各群的「該群平均角色廣度」不一樣（3.49–4.56），群與群之間的差異可能只是「身兼多職的人撞到比較多種困難」。,此題實際上線版本沒有「沒遇到」選項，13 題皆為 1–5 強制作答，「1：幾乎沒影響」混合了「沒發生過」與「發生了但無感」兩種情況，故平均值系統性低估，主要指標採 %≥3。
落地推廣,公務員不信任你、不願給你需要的資訊,8,36,36,0.2222,0.1915,1.16,,3,0.0833,1.75,3.47,L2,可用於比較,「達3」＝該題評 3、4、5 分者合計（共 13 題，每題強制作答 1–5 分，無「沒遇到」選項）,這張表算的是做過專案的 47 人。可以這樣讀：五個角色各自的水準。不要這樣讀——（1）表中五列的排列順序沒有含意，只是固定的呈現順序，不代表角色由淺到深：勾「出錢或調度資源」的人完全可能沒使用過、也沒推廣過任何專案；（2）角色是複選，同一個人可以同時落在好幾列，所以各列不是互斥的類別，不能互相比高低；（3）各群的「該群平均角色廣度」不一樣（3.49–4.56），群與群之間的差異可能只是「身兼多職的人撞到比較多種困難」。,此題實際上線版本沒有「沒遇到」選項，13 題皆為 1–5 強制作答，「1：幾乎沒影響」混合了「沒發生過」與「發生了但無感」兩種情況，故平均值系統性低估，主要指標採 %≥3。
落地推廣,想要的資料拿不到、不知道去哪要,5,36,36,0.1389,0.1277,1.09,,4,0.1111,1.67,3.47,L2,可用於比較,「達3」＝該題評 3、4、5 分者合計（共 13 題，每題強制作答 1–5 分，無「沒遇到」選項）,這張表算的是做過專案的 47 人。可以這樣讀：五個角色各自的水準。不要這樣讀——（1）表中五列的排列順序沒有含意，只是固定的呈現順序，不代表角色由淺到深：勾「出錢或調度資源」的人完全可能沒使用過、也沒推廣過任何專案；（2）角色是複選，同一個人可以同時落在好幾列，所以各列不是互斥的類別，不能互相比高低；（3）各群的「該群平均角色廣度」不一樣（3.49–4.56），群與群之間的差異可能只是「身兼多職的人撞到比較多種困難」。,此題實際上線版本沒有「沒遇到」選項，13 題皆為 1–5 強制作答，「1：幾乎沒影響」混合了「沒發生過」與「發生了但無感」兩種情況，故平均值系統性低估，主要指標採 %≥3。
落地推廣,做出來的成果（工具、服務）很難真正發揮影響力,15,36,36,0.4167,0.3617,1.15,,4,0.1111,2.33,3.47,L2,可用於比較,「達3」＝該題評 3、4、5 分者合計（共 13 題，每題強制作答 1–5 分，無「沒遇到」選項）,這張表算的是做過專案的 47 人。可以這樣讀：五個角色各自的水準。不要這樣讀——（1）表中五列的排列順序沒有含意，只是固定的呈現順序，不代表角色由淺到深：勾「出錢或調度資源」的人完全可能沒使用過、也沒推廣過任何專案；（2）角色是複選，同一個人可以同時落在好幾列，所以各列不是互斥的類別，不能互相比高低；（3）各群的「該群平均角色廣度」不一樣（3.49–4.56），群與群之間的差異可能只是「身兼多職的人撞到比較多種困難」。,此題實際上線版本沒有「沒遇到」選項，13 題皆為 1–5 強制作答，「1：幾乎沒影響」混合了「沒發生過」與「發生了但無感」兩種情況，故平均值系統性低估，主要指標採 %≥3。
開發維護,抓不準專案到底要解決什麼問題,4,33,33,0.1212,0.1277,,分子<5，lift 為雜訊,1,0.0303,1.61,3.85,L2,可用於比較,「達3」＝該題評 3、4、5 分者合計（共 13 題，每題強制作答 1–5 分，無「沒遇到」選項）,這張表算的是做過專案的 47 人。可以這樣讀：五個角色各自的水準。不要這樣讀——（1）表中五列的排列順序沒有含意，只是固定的呈現順序，不代表角色由淺到深：勾「出錢或調度資源」的人完全可能沒使用過、也沒推廣過任何專案；（2）角色是複選，同一個人可以同時落在好幾列，所以各列不是互斥的類別，不能互相比高低；（3）各群的「該群平均角色廣度」不一樣（3.49–4.56），群與群之間的差異可能只是「身兼多職的人撞到比較多種困難」。,此題實際上線版本沒有「沒遇到」選項，13 題皆為 1–5 強制作答，「1：幾乎沒影響」混合了「沒發生過」與「發生了但無感」兩種情況，故平均值系統性低估，主要指標採 %≥3。
開發維護,找不到願意一起做的夥伴,7,33,33,0.2121,0.234,0.91,,3,0.0909,2.09,3.85,L2,可用於比較,「達3」＝該題評 3、4、5 分者合計（共 13 題，每題強制作答 1–5 分，無「沒遇到」選項）,這張表算的是做過專案的 47 人。可以這樣讀：五個角色各自的水準。不要這樣讀——（1）表中五列的排列順序沒有含意，只是固定的呈現順序，不代表角色由淺到深：勾「出錢或調度資源」的人完全可能沒使用過、也沒推廣過任何專案；（2）角色是複選，同一個人可以同時落在好幾列，所以各列不是互斥的類別，不能互相比高低；（3）各群的「該群平均角色廣度」不一樣（3.49–4.56），群與群之間的差異可能只是「身兼多職的人撞到比較多種困難」。,此題實際上線版本沒有「沒遇到」選項，13 題皆為 1–5 強制作答，「1：幾乎沒影響」混合了「沒發生過」與「發生了但無感」兩種情況，故平均值系統性低估，主要指標採 %≥3。
開發維護,新手或不會寫程式的人，不知道能幫什麼,3,33,33,0.0909,0.1064,,分子<5，lift 為雜訊,2,0.0606,1.55,3.85,L2,可用於比較,「達3」＝該題評 3、4、5 分者合計（共 13 題，每題強制作答 1–5 分，無「沒遇到」選項）,這張表算的是做過專案的 47 人。可以這樣讀：五個角色各自的水準。不要這樣讀——（1）表中五列的排列順序沒有含意，只是固定的呈現順序，不代表角色由淺到深：勾「出錢或調度資源」的人完全可能沒使用過、也沒推廣過任何專案；（2）角色是複選，同一個人可以同時落在好幾列，所以各列不是互斥的類別，不能互相比高低；（3）各群的「該群平均角色廣度」不一樣（3.49–4.56），群與群之間的差異可能只是「身兼多職的人撞到比較多種困難」。,此題實際上線版本沒有「沒遇到」選項，13 題皆為 1–5 強制作答，「1：幾乎沒影響」混合了「沒發生過」與「發生了但無感」兩種情況，故平均值系統性低估，主要指標採 %≥3。
開發維護,參與者突然消失，留下大量未完成任務,5,33,33,0.1515,0.1489,1.02,,1,0.0303,1.67,3.85,L2,可用於比較,「達3」＝該題評 3、4、5 分者合計（共 13 題，每題強制作答 1–5 分，無「沒遇到」選項）,這張表算的是做過專案的 47 人。可以這樣讀：五個角色各自的水準。不要這樣讀——（1）表中五列的排列順序沒有含意，只是固定的呈現順序，不代表角色由淺到深：勾「出錢或調度資源」的人完全可能沒使用過、也沒推廣過任何專案；（2）角色是複選，同一個人可以同時落在好幾列，所以各列不是互斥的類別，不能互相比高低；（3）各群的「該群平均角色廣度」不一樣（3.49–4.56），群與群之間的差異可能只是「身兼多職的人撞到比較多種困難」。,此題實際上線版本沒有「沒遇到」選項，13 題皆為 1–5 強制作答，「1：幾乎沒影響」混合了「沒發生過」與「發生了但無感」兩種情況，故平均值系統性低估，主要指標採 %≥3。
開發維護,專案缺少文件或交接，人一走、知識就斷了,4,33,33,0.1212,0.1277,,分子<5，lift 為雜訊,1,0.0303,1.64,3.85,L2,可用於比較,「達3」＝該題評 3、4、5 分者合計（共 13 題，每題強制作答 1–5 分，無「沒遇到」選項）,這張表算的是做過專案的 47 人。可以這樣讀：五個角色各自的水準。不要這樣讀——（1）表中五列的排列順序沒有含意，只是固定的呈現順序，不代表角色由淺到深：勾「出錢或調度資源」的人完全可能沒使用過、也沒推廣過任何專案；（2）角色是複選，同一個人可以同時落在好幾列，所以各列不是互斥的類別，不能互相比高低；（3）各群的「該群平均角色廣度」不一樣（3.49–4.56），群與群之間的差異可能只是「身兼多職的人撞到比較多種困難」。,此題實際上線版本沒有「沒遇到」選項，13 題皆為 1–5 強制作答，「1：幾乎沒影響」混合了「沒發生過」與「發生了但無感」兩種情況，故平均值系統性低估，主要指標採 %≥3。
開發維護,核心成員累垮，常常一個人撐住整個專案,12,33,33,0.3636,0.3191,1.14,,3,0.0909,2.21,3.85,L2,可用於比較,「達3」＝該題評 3、4、5 分者合計（共 13 題，每題強制作答 1–5 分，無「沒遇到」選項）,這張表算的是做過專案的 47 人。可以這樣讀：五個角色各自的水準。不要這樣讀——（1）表中五列的排列順序沒有含意，只是固定的呈現順序，不代表角色由淺到深：勾「出錢或調度資源」的人完全可能沒使用過、也沒推廣過任何專案；（2）角色是複選，同一個人可以同時落在好幾列，所以各列不是互斥的類別，不能互相比高低；（3）各群的「該群平均角色廣度」不一樣（3.49–4.56），群與群之間的差異可能只是「身兼多職的人撞到比較多種困難」。,此題實際上線版本沒有「沒遇到」選項，13 題皆為 1–5 強制作答，「1：幾乎沒影響」混合了「沒發生過」與「發生了但無感」兩種情況，故平均值系統性低估，主要指標採 %≥3。
開發維護,專案難有穩定進度，容易停滯,14,33,33,0.4242,0.383,1.11,,5,0.1515,2.36,3.85,L2,可用於比較,「達3」＝該題評 3、4、5 分者合計（共 13 題，每題強制作答 1–5 分，無「沒遇到」選項）,這張表算的是做過專案的 47 人。可以這樣讀：五個角色各自的水準。不要這樣讀——（1）表中五列的排列順序沒有含意，只是固定的呈現順序，不代表角色由淺到深：勾「出錢或調度資源」的人完全可能沒使用過、也沒推廣過任何專案；（2）角色是複選，同一個人可以同時落在好幾列，所以各列不是互斥的類別，不能互相比高低；（3）各群的「該群平均角色廣度」不一樣（3.49–4.56），群與群之間的差異可能只是「身兼多職的人撞到比較多種困難」。,此題實際上線版本沒有「沒遇到」選項，13 題皆為 1–5 強制作答，「1：幾乎沒影響」混合了「沒發生過」與「發生了但無感」兩種情況，故平均值系統性低估，主要指標採 %≥3。
開發維護,拿到經費或補助後，不知道怎麼管帳、報稅或處理聘僱,3,33,33,0.0909,0.0638,,分子<5，lift 為雜訊,0,0.0,1.36,3.85,L2,可用於比較,「達3」＝該題評 3、4、5 分者合計（共 13 題，每題強制作答 1–5 分，無「沒遇到」選項）,這張表算的是做過專案的 47 人。可以這樣讀：五個角色各自的水準。不要這樣讀——（1）表中五列的排列順序沒有含意，只是固定的呈現順序，不代表角色由淺到深：勾「出錢或調度資源」的人完全可能沒使用過、也沒推廣過任何專案；（2）角色是複選，同一個人可以同時落在好幾列，所以各列不是互斥的類別，不能互相比高低；（3）各群的「該群平均角色廣度」不一樣（3.49–4.56），群與群之間的差異可能只是「身兼多職的人撞到比較多種困難」。,此題實際上線版本沒有「沒遇到」選項，13 題皆為 1–5 強制作答，「1：幾乎沒影響」混合了「沒發生過」與「發生了但無感」兩種情況，故平均值系統性低估，主要指標採 %≥3。
開發維護,專案要改變方向、或要對外代表時，不確定誰有權責拍板,6,33,33,0.1818,0.1702,1.07,,0,0.0,1.61,3.85,L2,可用於比較,「達3」＝該題評 3、4、5 分者合計（共 13 題，每題強制作答 1–5 分，無「沒遇到」選項）,這張表算的是做過專案的 47 人。可以這樣讀：五個角色各自的水準。不要這樣讀——（1）表中五列的排列順序沒有含意，只是固定的呈現順序，不代表角色由淺到深：勾「出錢或調度資源」的人完全可能沒使用過、也沒推廣過任何專案；（2）角色是複選，同一個人可以同時落在好幾列，所以各列不是互斥的類別，不能互相比高低；（3）各群的「該群平均角色廣度」不一樣（3.49–4.56），群與群之間的差異可能只是「身兼多職的人撞到比較多種困難」。,此題實際上線版本沒有「沒遇到」選項，13 題皆為 1–5 強制作答，「1：幾乎沒影響」混合了「沒發生過」與「發生了但無感」兩種情況，故平均值系統性低估，主要指標採 %≥3。
開發維護,找不到對接的政府窗口、發訊息沒人理,6,33,33,0.1818,0.1489,1.22,,2,0.0606,1.67,3.85,L2,可用於比較,「達3」＝該題評 3、4、5 分者合計（共 13 題，每題強制作答 1–5 分，無「沒遇到」選項）,這張表算的是做過專案的 47 人。可以這樣讀：五個角色各自的水準。不要這樣讀——（1）表中五列的排列順序沒有含意，只是固定的呈現順序，不代表角色由淺到深：勾「出錢或調度資源」的人完全可能沒使用過、也沒推廣過任何專案；（2）角色是複選，同一個人可以同時落在好幾列，所以各列不是互斥的類別，不能互相比高低；（3）各群的「該群平均角色廣度」不一樣（3.49–4.56），群與群之間的差異可能只是「身兼多職的人撞到比較多種困難」。,此題實際上線版本沒有「沒遇到」選項，13 題皆為 1–5 強制作答，「1：幾乎沒影響」混合了「沒發生過」與「發生了但無感」兩種情況，故平均值系統性低估，主要指標採 %≥3。
開發維護,公務員不信任你、不願給你需要的資訊,7,33,33,0.2121,0.1915,1.11,,2,0.0606,1.64,3.85,L2,可用於比較,「達3」＝該題評 3、4、5 分者合計（共 13 題，每題強制作答 1–5 分，無「沒遇到」選項）,這張表算的是做過專案的 47 人。可以這樣讀：五個角色各自的水準。不要這樣讀——（1）表中五列的排列順序沒有含意，只是固定的呈現順序，不代表角色由淺到深：勾「出錢或調度資源」的人完全可能沒使用過、也沒推廣過任何專案；（2）角色是複選，同一個人可以同時落在好幾列，所以各列不是互斥的類別，不能互相比高低；（3）各群的「該群平均角色廣度」不一樣（3.49–4.56），群與群之間的差異可能只是「身兼多職的人撞到比較多種困難」。,此題實際上線版本沒有「沒遇到」選項，13 題皆為 1–5 強制作答，「1：幾乎沒影響」混合了「沒發生過」與「發生了但無感」兩種情況，故平均值系統性低估，主要指標採 %≥3。
開發維護,想要的資料拿不到、不知道去哪要,5,33,33,0.1515,0.1277,1.19,,4,0.1212,1.67,3.85,L2,可用於比較,「達3」＝該題評 3、4、5 分者合計（共 13 題，每題強制作答 1–5 分，無「沒遇到」選項）,這張表算的是做過專案的 47 人。可以這樣讀：五個角色各自的水準。不要這樣讀——（1）表中五列的排列順序沒有含意，只是固定的呈現順序，不代表角色由淺到深：勾「出錢或調度資源」的人完全可能沒使用過、也沒推廣過任何專案；（2）角色是複選，同一個人可以同時落在好幾列，所以各列不是互斥的類別，不能互相比高低；（3）各群的「該群平均角色廣度」不一樣（3.49–4.56），群與群之間的差異可能只是「身兼多職的人撞到比較多種困難」。,此題實際上線版本沒有「沒遇到」選項，13 題皆為 1–5 強制作答，「1：幾乎沒影響」混合了「沒發生過」與「發生了但無感」兩種情況，故平均值系統性低估，主要指標採 %≥3。
開發維護,做出來的成果（工具、服務）很難真正發揮影響力,14,33,33,0.4242,0.3617,1.17,,6,0.1818,2.39,3.85,L2,可用於比較,「達3」＝該題評 3、4、5 分者合計（共 13 題，每題強制作答 1–5 分，無「沒遇到」選項）,這張表算的是做過專案的 47 人。可以這樣讀：五個角色各自的水準。不要這樣讀——（1）表中五列的排列順序沒有含意，只是固定的呈現順序，不代表角色由淺到深：勾「出錢或調度資源」的人完全可能沒使用過、也沒推廣過任何專案；（2）角色是複選，同一個人可以同時落在好幾列，所以各列不是互斥的類別，不能互相比高低；（3）各群的「該群平均角色廣度」不一樣（3.49–4.56），群與群之間的差異可能只是「身兼多職的人撞到比較多種困難」。,此題實際上線版本沒有「沒遇到」選項，13 題皆為 1–5 強制作答，「1：幾乎沒影響」混合了「沒發生過」與「發生了但無感」兩種情況，故平均值系統性低估，主要指標採 %≥3。
發起者,抓不準專案到底要解決什麼問題,2,27,27,0.0741,0.1277,,分子<5，lift 為雜訊,1,0.037,1.52,3.85,L1（僅供參考）,僅供參考,「達3」＝該題評 3、4、5 分者合計（共 13 題，每題強制作答 1–5 分，無「沒遇到」選項）,這張表算的是做過專案的 47 人。可以這樣讀：五個角色各自的水準。不要這樣讀——（1）表中五列的排列順序沒有含意，只是固定的呈現順序，不代表角色由淺到深：勾「出錢或調度資源」的人完全可能沒使用過、也沒推廣過任何專案；（2）角色是複選，同一個人可以同時落在好幾列，所以各列不是互斥的類別，不能互相比高低；（3）各群的「該群平均角色廣度」不一樣（3.49–4.56），群與群之間的差異可能只是「身兼多職的人撞到比較多種困難」。,此題實際上線版本沒有「沒遇到」選項，13 題皆為 1–5 強制作答，「1：幾乎沒影響」混合了「沒發生過」與「發生了但無感」兩種情況，故平均值系統性低估，主要指標採 %≥3。
發起者,找不到願意一起做的夥伴,8,27,27,0.2963,0.234,1.27,,3,0.1111,2.3,3.85,L1（僅供參考）,僅供參考,「達3」＝該題評 3、4、5 分者合計（共 13 題，每題強制作答 1–5 分，無「沒遇到」選項）,這張表算的是做過專案的 47 人。可以這樣讀：五個角色各自的水準。不要這樣讀——（1）表中五列的排列順序沒有含意，只是固定的呈現順序，不代表角色由淺到深：勾「出錢或調度資源」的人完全可能沒使用過、也沒推廣過任何專案；（2）角色是複選，同一個人可以同時落在好幾列，所以各列不是互斥的類別，不能互相比高低；（3）各群的「該群平均角色廣度」不一樣（3.49–4.56），群與群之間的差異可能只是「身兼多職的人撞到比較多種困難」。,此題實際上線版本沒有「沒遇到」選項，13 題皆為 1–5 強制作答，「1：幾乎沒影響」混合了「沒發生過」與「發生了但無感」兩種情況，故平均值系統性低估，主要指標採 %≥3。
發起者,新手或不會寫程式的人，不知道能幫什麼,1,27,27,0.037,0.1064,,分子<5，lift 為雜訊,0,0.0,1.37,3.85,L1（僅供參考）,僅供參考,「達3」＝該題評 3、4、5 分者合計（共 13 題，每題強制作答 1–5 分，無「沒遇到」選項）,這張表算的是做過專案的 47 人。可以這樣讀：五個角色各自的水準。不要這樣讀——（1）表中五列的排列順序沒有含意，只是固定的呈現順序，不代表角色由淺到深：勾「出錢或調度資源」的人完全可能沒使用過、也沒推廣過任何專案；（2）角色是複選，同一個人可以同時落在好幾列，所以各列不是互斥的類別，不能互相比高低；（3）各群的「該群平均角色廣度」不一樣（3.49–4.56），群與群之間的差異可能只是「身兼多職的人撞到比較多種困難」。,此題實際上線版本沒有「沒遇到」選項，13 題皆為 1–5 強制作答，「1：幾乎沒影響」混合了「沒發生過」與「發生了但無感」兩種情況，故平均值系統性低估，主要指標採 %≥3。
發起者,參與者突然消失，留下大量未完成任務,5,27,27,0.1852,0.1489,1.24,,1,0.037,1.81,3.85,L1（僅供參考）,僅供參考,「達3」＝該題評 3、4、5 分者合計（共 13 題，每題強制作答 1–5 分，無「沒遇到」選項）,這張表算的是做過專案的 47 人。可以這樣讀：五個角色各自的水準。不要這樣讀——（1）表中五列的排列順序沒有含意，只是固定的呈現順序，不代表角色由淺到深：勾「出錢或調度資源」的人完全可能沒使用過、也沒推廣過任何專案；（2）角色是複選，同一個人可以同時落在好幾列，所以各列不是互斥的類別，不能互相比高低；（3）各群的「該群平均角色廣度」不一樣（3.49–4.56），群與群之間的差異可能只是「身兼多職的人撞到比較多種困難」。,此題實際上線版本沒有「沒遇到」選項，13 題皆為 1–5 強制作答，「1：幾乎沒影響」混合了「沒發生過」與「發生了但無感」兩種情況，故平均值系統性低估，主要指標採 %≥3。
發起者,專案缺少文件或交接，人一走、知識就斷了,5,27,27,0.1852,0.1277,1.45,,1,0.037,1.78,3.85,L1（僅供參考）,僅供參考,「達3」＝該題評 3、4、5 分者合計（共 13 題，每題強制作答 1–5 分，無「沒遇到」選項）,這張表算的是做過專案的 47 人。可以這樣讀：五個角色各自的水準。不要這樣讀——（1）表中五列的排列順序沒有含意，只是固定的呈現順序，不代表角色由淺到深：勾「出錢或調度資源」的人完全可能沒使用過、也沒推廣過任何專案；（2）角色是複選，同一個人可以同時落在好幾列，所以各列不是互斥的類別，不能互相比高低；（3）各群的「該群平均角色廣度」不一樣（3.49–4.56），群與群之間的差異可能只是「身兼多職的人撞到比較多種困難」。,此題實際上線版本沒有「沒遇到」選項，13 題皆為 1–5 強制作答，「1：幾乎沒影響」混合了「沒發生過」與「發生了但無感」兩種情況，故平均值系統性低估，主要指標採 %≥3。
發起者,核心成員累垮，常常一個人撐住整個專案,12,27,27,0.4444,0.3191,1.39,,4,0.1481,2.37,3.85,L1（僅供參考）,僅供參考,「達3」＝該題評 3、4、5 分者合計（共 13 題，每題強制作答 1–5 分，無「沒遇到」選項）,這張表算的是做過專案的 47 人。可以這樣讀：五個角色各自的水準。不要這樣讀——（1）表中五列的排列順序沒有含意，只是固定的呈現順序，不代表角色由淺到深：勾「出錢或調度資源」的人完全可能沒使用過、也沒推廣過任何專案；（2）角色是複選，同一個人可以同時落在好幾列，所以各列不是互斥的類別，不能互相比高低；（3）各群的「該群平均角色廣度」不一樣（3.49–4.56），群與群之間的差異可能只是「身兼多職的人撞到比較多種困難」。,此題實際上線版本沒有「沒遇到」選項，13 題皆為 1–5 強制作答，「1：幾乎沒影響」混合了「沒發生過」與「發生了但無感」兩種情況，故平均值系統性低估，主要指標採 %≥3。
發起者,專案難有穩定進度，容易停滯,12,27,27,0.4444,0.383,1.16,,3,0.1111,2.41,3.85,L1（僅供參考）,僅供參考,「達3」＝該題評 3、4、5 分者合計（共 13 題，每題強制作答 1–5 分，無「沒遇到」選項）,這張表算的是做過專案的 47 人。可以這樣讀：五個角色各自的水準。不要這樣讀——（1）表中五列的排列順序沒有含意，只是固定的呈現順序，不代表角色由淺到深：勾「出錢或調度資源」的人完全可能沒使用過、也沒推廣過任何專案；（2）角色是複選，同一個人可以同時落在好幾列，所以各列不是互斥的類別，不能互相比高低；（3）各群的「該群平均角色廣度」不一樣（3.49–4.56），群與群之間的差異可能只是「身兼多職的人撞到比較多種困難」。,此題實際上線版本沒有「沒遇到」選項，13 題皆為 1–5 強制作答，「1：幾乎沒影響」混合了「沒發生過」與「發生了但無感」兩種情況，故平均值系統性低估，主要指標採 %≥3。
發起者,拿到經費或補助後，不知道怎麼管帳、報稅或處理聘僱,2,27,27,0.0741,0.0638,,分子<5，lift 為雜訊,0,0.0,1.37,3.85,L1（僅供參考）,僅供參考,「達3」＝該題評 3、4、5 分者合計（共 13 題，每題強制作答 1–5 分，無「沒遇到」選項）,這張表算的是做過專案的 47 人。可以這樣讀：五個角色各自的水準。不要這樣讀——（1）表中五列的排列順序沒有含意，只是固定的呈現順序，不代表角色由淺到深：勾「出錢或調度資源」的人完全可能沒使用過、也沒推廣過任何專案；（2）角色是複選，同一個人可以同時落在好幾列，所以各列不是互斥的類別，不能互相比高低；（3）各群的「該群平均角色廣度」不一樣（3.49–4.56），群與群之間的差異可能只是「身兼多職的人撞到比較多種困難」。,此題實際上線版本沒有「沒遇到」選項，13 題皆為 1–5 強制作答，「1：幾乎沒影響」混合了「沒發生過」與「發生了但無感」兩種情況，故平均值系統性低估，主要指標採 %≥3。
發起者,專案要改變方向、或要對外代表時，不確定誰有權責拍板,5,27,27,0.1852,0.1702,1.09,,0,0.0,1.59,3.85,L1（僅供參考）,僅供參考,「達3」＝該題評 3、4、5 分者合計（共 13 題，每題強制作答 1–5 分，無「沒遇到」選項）,這張表算的是做過專案的 47 人。可以這樣讀：五個角色各自的水準。不要這樣讀——（1）表中五列的排列順序沒有含意，只是固定的呈現順序，不代表角色由淺到深：勾「出錢或調度資源」的人完全可能沒使用過、也沒推廣過任何專案；（2）角色是複選，同一個人可以同時落在好幾列，所以各列不是互斥的類別，不能互相比高低；（3）各群的「該群平均角色廣度」不一樣（3.49–4.56），群與群之間的差異可能只是「身兼多職的人撞到比較多種困難」。,此題實際上線版本沒有「沒遇到」選項，13 題皆為 1–5 強制作答，「1：幾乎沒影響」混合了「沒發生過」與「發生了但無感」兩種情況，故平均值系統性低估，主要指標採 %≥3。
發起者,找不到對接的政府窗口、發訊息沒人理,4,27,27,0.1481,0.1489,,分子<5，lift 為雜訊,2,0.0741,1.59,3.85,L1（僅供參考）,僅供參考,「達3」＝該題評 3、4、5 分者合計（共 13 題，每題強制作答 1–5 分，無「沒遇到」選項）,這張表算的是做過專案的 47 人。可以這樣讀：五個角色各自的水準。不要這樣讀——（1）表中五列的排列順序沒有含意，只是固定的呈現順序，不代表角色由淺到深：勾「出錢或調度資源」的人完全可能沒使用過、也沒推廣過任何專案；（2）角色是複選，同一個人可以同時落在好幾列，所以各列不是互斥的類別，不能互相比高低；（3）各群的「該群平均角色廣度」不一樣（3.49–4.56），群與群之間的差異可能只是「身兼多職的人撞到比較多種困難」。,此題實際上線版本沒有「沒遇到」選項，13 題皆為 1–5 強制作答，「1：幾乎沒影響」混合了「沒發生過」與「發生了但無感」兩種情況，故平均值系統性低估，主要指標採 %≥3。
發起者,公務員不信任你、不願給你需要的資訊,5,27,27,0.1852,0.1915,0.97,,2,0.0741,1.59,3.85,L1（僅供參考）,僅供參考,「達3」＝該題評 3、4、5 分者合計（共 13 題，每題強制作答 1–5 分，無「沒遇到」選項）,這張表算的是做過專案的 47 人。可以這樣讀：五個角色各自的水準。不要這樣讀——（1）表中五列的排列順序沒有含意，只是固定的呈現順序，不代表角色由淺到深：勾「出錢或調度資源」的人完全可能沒使用過、也沒推廣過任何專案；（2）角色是複選，同一個人可以同時落在好幾列，所以各列不是互斥的類別，不能互相比高低；（3）各群的「該群平均角色廣度」不一樣（3.49–4.56），群與群之間的差異可能只是「身兼多職的人撞到比較多種困難」。,此題實際上線版本沒有「沒遇到」選項，13 題皆為 1–5 強制作答，「1：幾乎沒影響」混合了「沒發生過」與「發生了但無感」兩種情況，故平均值系統性低估，主要指標採 %≥3。
發起者,想要的資料拿不到、不知道去哪要,5,27,27,0.1852,0.1277,1.45,,3,0.1111,1.63,3.85,L1（僅供參考）,僅供參考,「達3」＝該題評 3、4、5 分者合計（共 13 題，每題強制作答 1–5 分，無「沒遇到」選項）,這張表算的是做過專案的 47 人。可以這樣讀：五個角色各自的水準。不要這樣讀——（1）表中五列的排列順序沒有含意，只是固定的呈現順序，不代表角色由淺到深：勾「出錢或調度資源」的人完全可能沒使用過、也沒推廣過任何專案；（2）角色是複選，同一個人可以同時落在好幾列，所以各列不是互斥的類別，不能互相比高低；（3）各群的「該群平均角色廣度」不一樣（3.49–4.56），群與群之間的差異可能只是「身兼多職的人撞到比較多種困難」。,此題實際上線版本沒有「沒遇到」選項，13 題皆為 1–5 強制作答，「1：幾乎沒影響」混合了「沒發生過」與「發生了但無感」兩種情況，故平均值系統性低估，主要指標採 %≥3。
發起者,做出來的成果（工具、服務）很難真正發揮影響力,11,27,27,0.4074,0.3617,1.13,,3,0.1111,2.3,3.85,L1（僅供參考）,僅供參考,「達3」＝該題評 3、4、5 分者合計（共 13 題，每題強制作答 1–5 分，無「沒遇到」選項）,這張表算的是做過專案的 47 人。可以這樣讀：五個角色各自的水準。不要這樣讀——（1）表中五列的排列順序沒有含意，只是固定的呈現順序，不代表角色由淺到深：勾「出錢或調度資源」的人完全可能沒使用過、也沒推廣過任何專案；（2）角色是複選，同一個人可以同時落在好幾列，所以各列不是互斥的類別，不能互相比高低；（3）各群的「該群平均角色廣度」不一樣（3.49–4.56），群與群之間的差異可能只是「身兼多職的人撞到比較多種困難」。,此題實際上線版本沒有「沒遇到」選項，13 題皆為 1–5 強制作答，「1：幾乎沒影響」混合了「沒發生過」與「發生了但無感」兩種情況，故平均值系統性低估，主要指標採 %≥3。
出資者,抓不準專案到底要解決什麼問題,3,16,16,0.1875,0.1277,,分子<5，lift 為雜訊,1,0.0625,1.81,4.56,L1（僅供參考）,僅供參考,「達3」＝該題評 3、4、5 分者合計（共 13 題，每題強制作答 1–5 分，無「沒遇到」選項）,這張表算的是做過專案的 47 人。可以這樣讀：五個角色各自的水準。不要這樣讀——（1）表中五列的排列順序沒有含意，只是固定的呈現順序，不代表角色由淺到深：勾「出錢或調度資源」的人完全可能沒使用過、也沒推廣過任何專案；（2）角色是複選，同一個人可以同時落在好幾列，所以各列不是互斥的類別，不能互相比高低；（3）各群的「該群平均角色廣度」不一樣（3.49–4.56），群與群之間的差異可能只是「身兼多職的人撞到比較多種困難」。,此題實際上線版本沒有「沒遇到」選項，13 題皆為 1–5 強制作答，「1：幾乎沒影響」混合了「沒發生過」與「發生了但無感」兩種情況，故平均值系統性低估，主要指標採 %≥3。
出資者,找不到願意一起做的夥伴,6,16,16,0.375,0.234,1.6,,2,0.125,2.5,4.56,L1（僅供參考）,僅供參考,「達3」＝該題評 3、4、5 分者合計（共 13 題，每題強制作答 1–5 分，無「沒遇到」選項）,這張表算的是做過專案的 47 人。可以這樣讀：五個角色各自的水準。不要這樣讀——（1）表中五列的排列順序沒有含意，只是固定的呈現順序，不代表角色由淺到深：勾「出錢或調度資源」的人完全可能沒使用過、也沒推廣過任何專案；（2）角色是複選，同一個人可以同時落在好幾列，所以各列不是互斥的類別，不能互相比高低；（3）各群的「該群平均角色廣度」不一樣（3.49–4.56），群與群之間的差異可能只是「身兼多職的人撞到比較多種困難」。,此題實際上線版本沒有「沒遇到」選項，13 題皆為 1–5 強制作答，「1：幾乎沒影響」混合了「沒發生過」與「發生了但無感」兩種情況，故平均值系統性低估，主要指標採 %≥3。
出資者,新手或不會寫程式的人，不知道能幫什麼,2,16,16,0.125,0.1064,,分子<5，lift 為雜訊,1,0.0625,1.5,4.56,L1（僅供參考）,僅供參考,「達3」＝該題評 3、4、5 分者合計（共 13 題，每題強制作答 1–5 分，無「沒遇到」選項）,這張表算的是做過專案的 47 人。可以這樣讀：五個角色各自的水準。不要這樣讀——（1）表中五列的排列順序沒有含意，只是固定的呈現順序，不代表角色由淺到深：勾「出錢或調度資源」的人完全可能沒使用過、也沒推廣過任何專案；（2）角色是複選，同一個人可以同時落在好幾列，所以各列不是互斥的類別，不能互相比高低；（3）各群的「該群平均角色廣度」不一樣（3.49–4.56），群與群之間的差異可能只是「身兼多職的人撞到比較多種困難」。,此題實際上線版本沒有「沒遇到」選項，13 題皆為 1–5 強制作答，「1：幾乎沒影響」混合了「沒發生過」與「發生了但無感」兩種情況，故平均值系統性低估，主要指標採 %≥3。
出資者,參與者突然消失，留下大量未完成任務,3,16,16,0.1875,0.1489,,分子<5，lift 為雜訊,0,0.0,1.75,4.56,L1（僅供參考）,僅供參考,「達3」＝該題評 3、4、5 分者合計（共 13 題，每題強制作答 1–5 分，無「沒遇到」選項）,這張表算的是做過專案的 47 人。可以這樣讀：五個角色各自的水準。不要這樣讀——（1）表中五列的排列順序沒有含意，只是固定的呈現順序，不代表角色由淺到深：勾「出錢或調度資源」的人完全可能沒使用過、也沒推廣過任何專案；（2）角色是複選，同一個人可以同時落在好幾列，所以各列不是互斥的類別，不能互相比高低；（3）各群的「該群平均角色廣度」不一樣（3.49–4.56），群與群之間的差異可能只是「身兼多職的人撞到比較多種困難」。,此題實際上線版本沒有「沒遇到」選項，13 題皆為 1–5 強制作答，「1：幾乎沒影響」混合了「沒發生過」與「發生了但無感」兩種情況，故平均值系統性低估，主要指標採 %≥3。
出資者,專案缺少文件或交接，人一走、知識就斷了,3,16,16,0.1875,0.1277,,分子<5，lift 為雜訊,0,0.0,1.69,4.56,L1（僅供參考）,僅供參考,「達3」＝該題評 3、4、5 分者合計（共 13 題，每題強制作答 1–5 分，無「沒遇到」選項）,這張表算的是做過專案的 47 人。可以這樣讀：五個角色各自的水準。不要這樣讀——（1）表中五列的排列順序沒有含意，只是固定的呈現順序，不代表角色由淺到深：勾「出錢或調度資源」的人完全可能沒使用過、也沒推廣過任何專案；（2）角色是複選，同一個人可以同時落在好幾列，所以各列不是互斥的類別，不能互相比高低；（3）各群的「該群平均角色廣度」不一樣（3.49–4.56），群與群之間的差異可能只是「身兼多職的人撞到比較多種困難」。,此題實際上線版本沒有「沒遇到」選項，13 題皆為 1–5 強制作答，「1：幾乎沒影響」混合了「沒發生過」與「發生了但無感」兩種情況，故平均值系統性低估，主要指標採 %≥3。
出資者,核心成員累垮，常常一個人撐住整個專案,4,16,16,0.25,0.3191,,分子<5，lift 為雜訊,1,0.0625,1.88,4.56,L1（僅供參考）,僅供參考,「達3」＝該題評 3、4、5 分者合計（共 13 題，每題強制作答 1–5 分，無「沒遇到」選項）,這張表算的是做過專案的 47 人。可以這樣讀：五個角色各自的水準。不要這樣讀——（1）表中五列的排列順序沒有含意，只是固定的呈現順序，不代表角色由淺到深：勾「出錢或調度資源」的人完全可能沒使用過、也沒推廣過任何專案；（2）角色是複選，同一個人可以同時落在好幾列，所以各列不是互斥的類別，不能互相比高低；（3）各群的「該群平均角色廣度」不一樣（3.49–4.56），群與群之間的差異可能只是「身兼多職的人撞到比較多種困難」。,此題實際上線版本沒有「沒遇到」選項，13 題皆為 1–5 強制作答，「1：幾乎沒影響」混合了「沒發生過」與「發生了但無感」兩種情況，故平均值系統性低估，主要指標採 %≥3。
出資者,專案難有穩定進度，容易停滯,7,16,16,0.4375,0.383,1.14,,2,0.125,2.25,4.56,L1（僅供參考）,僅供參考,「達3」＝該題評 3、4、5 分者合計（共 13 題，每題強制作答 1–5 分，無「沒遇到」選項）,這張表算的是做過專案的 47 人。可以這樣讀：五個角色各自的水準。不要這樣讀——（1）表中五列的排列順序沒有含意，只是固定的呈現順序，不代表角色由淺到深：勾「出錢或調度資源」的人完全可能沒使用過、也沒推廣過任何專案；（2）角色是複選，同一個人可以同時落在好幾列，所以各列不是互斥的類別，不能互相比高低；（3）各群的「該群平均角色廣度」不一樣（3.49–4.56），群與群之間的差異可能只是「身兼多職的人撞到比較多種困難」。,此題實際上線版本沒有「沒遇到」選項，13 題皆為 1–5 強制作答，「1：幾乎沒影響」混合了「沒發生過」與「發生了但無感」兩種情況，故平均值系統性低估，主要指標採 %≥3。
出資者,拿到經費或補助後，不知道怎麼管帳、報稅或處理聘僱,2,16,16,0.125,0.0638,,分子<5，lift 為雜訊,0,0.0,1.31,4.56,L1（僅供參考）,僅供參考,「達3」＝該題評 3、4、5 分者合計（共 13 題，每題強制作答 1–5 分，無「沒遇到」選項）,這張表算的是做過專案的 47 人。可以這樣讀：五個角色各自的水準。不要這樣讀——（1）表中五列的排列順序沒有含意，只是固定的呈現順序，不代表角色由淺到深：勾「出錢或調度資源」的人完全可能沒使用過、也沒推廣過任何專案；（2）角色是複選，同一個人可以同時落在好幾列，所以各列不是互斥的類別，不能互相比高低；（3）各群的「該群平均角色廣度」不一樣（3.49–4.56），群與群之間的差異可能只是「身兼多職的人撞到比較多種困難」。,此題實際上線版本沒有「沒遇到」選項，13 題皆為 1–5 強制作答，「1：幾乎沒影響」混合了「沒發生過」與「發生了但無感」兩種情況，故平均值系統性低估，主要指標採 %≥3。
出資者,專案要改變方向、或要對外代表時，不確定誰有權責拍板,3,16,16,0.1875,0.1702,,分子<5，lift 為雜訊,0,0.0,1.62,4.56,L1（僅供參考）,僅供參考,「達3」＝該題評 3、4、5 分者合計（共 13 題，每題強制作答 1–5 分，無「沒遇到」選項）,這張表算的是做過專案的 47 人。可以這樣讀：五個角色各自的水準。不要這樣讀——（1）表中五列的排列順序沒有含意，只是固定的呈現順序，不代表角色由淺到深：勾「出錢或調度資源」的人完全可能沒使用過、也沒推廣過任何專案；（2）角色是複選，同一個人可以同時落在好幾列，所以各列不是互斥的類別，不能互相比高低；（3）各群的「該群平均角色廣度」不一樣（3.49–4.56），群與群之間的差異可能只是「身兼多職的人撞到比較多種困難」。,此題實際上線版本沒有「沒遇到」選項，13 題皆為 1–5 強制作答，「1：幾乎沒影響」混合了「沒發生過」與「發生了但無感」兩種情況，故平均值系統性低估，主要指標採 %≥3。
出資者,找不到對接的政府窗口、發訊息沒人理,5,16,16,0.3125,0.1489,2.1,,2,0.125,1.88,4.56,L1（僅供參考）,僅供參考,「達3」＝該題評 3、4、5 分者合計（共 13 題，每題強制作答 1–5 分，無「沒遇到」選項）,這張表算的是做過專案的 47 人。可以這樣讀：五個角色各自的水準。不要這樣讀——（1）表中五列的排列順序沒有含意，只是固定的呈現順序，不代表角色由淺到深：勾「出錢或調度資源」的人完全可能沒使用過、也沒推廣過任何專案；（2）角色是複選，同一個人可以同時落在好幾列，所以各列不是互斥的類別，不能互相比高低；（3）各群的「該群平均角色廣度」不一樣（3.49–4.56），群與群之間的差異可能只是「身兼多職的人撞到比較多種困難」。,此題實際上線版本沒有「沒遇到」選項，13 題皆為 1–5 強制作答，「1：幾乎沒影響」混合了「沒發生過」與「發生了但無感」兩種情況，故平均值系統性低估，主要指標採 %≥3。
出資者,公務員不信任你、不願給你需要的資訊,5,16,16,0.3125,0.1915,1.63,,1,0.0625,1.81,4.56,L1（僅供參考）,僅供參考,「達3」＝該題評 3、4、5 分者合計（共 13 題，每題強制作答 1–5 分，無「沒遇到」選項）,這張表算的是做過專案的 47 人。可以這樣讀：五個角色各自的水準。不要這樣讀——（1）表中五列的排列順序沒有含意，只是固定的呈現順序，不代表角色由淺到深：勾「出錢或調度資源」的人完全可能沒使用過、也沒推廣過任何專案；（2）角色是複選，同一個人可以同時落在好幾列，所以各列不是互斥的類別，不能互相比高低；（3）各群的「該群平均角色廣度」不一樣（3.49–4.56），群與群之間的差異可能只是「身兼多職的人撞到比較多種困難」。,此題實際上線版本沒有「沒遇到」選項，13 題皆為 1–5 強制作答，「1：幾乎沒影響」混合了「沒發生過」與「發生了但無感」兩種情況，故平均值系統性低估，主要指標採 %≥3。
出資者,想要的資料拿不到、不知道去哪要,3,16,16,0.1875,0.1277,,分子<5，lift 為雜訊,2,0.125,1.62,4.56,L1（僅供參考）,僅供參考,「達3」＝該題評 3、4、5 分者合計（共 13 題，每題強制作答 1–5 分，無「沒遇到」選項）,這張表算的是做過專案的 47 人。可以這樣讀：五個角色各自的水準。不要這樣讀——（1）表中五列的排列順序沒有含意，只是固定的呈現順序，不代表角色由淺到深：勾「出錢或調度資源」的人完全可能沒使用過、也沒推廣過任何專案；（2）角色是複選，同一個人可以同時落在好幾列，所以各列不是互斥的類別，不能互相比高低；（3）各群的「該群平均角色廣度」不一樣（3.49–4.56），群與群之間的差異可能只是「身兼多職的人撞到比較多種困難」。,此題實際上線版本沒有「沒遇到」選項，13 題皆為 1–5 強制作答，「1：幾乎沒影響」混合了「沒發生過」與「發生了但無感」兩種情況，故平均值系統性低估，主要指標採 %≥3。
出資者,做出來的成果（工具、服務）很難真正發揮影響力,7,16,16,0.4375,0.3617,1.21,,2,0.125,2.38,4.56,L1（僅供參考）,僅供參考,「達3」＝該題評 3、4、5 分者合計（共 13 題，每題強制作答 1–5 分，無「沒遇到」選項）,這張表算的是做過專案的 47 人。可以這樣讀：五個角色各自的水準。不要這樣讀——（1）表中五列的排列順序沒有含意，只是固定的呈現順序，不代表角色由淺到深：勾「出錢或調度資源」的人完全可能沒使用過、也沒推廣過任何專案；（2）角色是複選，同一個人可以同時落在好幾列，所以各列不是互斥的類別，不能互相比高低；（3）各群的「該群平均角色廣度」不一樣（3.49–4.56），群與群之間的差異可能只是「身兼多職的人撞到比較多種困難」。,此題實際上線版本沒有「沒遇到」選項，13 題皆為 1–5 強制作答，「1：幾乎沒影響」混合了「沒發生過」與「發生了但無感」兩種情況，故平均值系統性低估，主要指標採 %≥3。
