中文,英文,類別
127 位填答者分成三群,The 127 respondents fall into three groups,圖標題
分母＝全體 127 人（綠：聽過或看過、橘：接觸未參與、藍：做過專案）,"Base: all 127 respondents (green: the Curious, orange: the Users, blue: the Builders)",圖副標
填答者的居住地分布,Where respondents live,圖標題
全體 N=127，雙北合計逾六成,"All respondents, N=127. Over 60% live in Taipei or New Taipei",圖副標
分母＝全體 127 人,Base: all 127 respondents,分母說明
曾擔任過的角色（複選，由淺到深排列）,Roles people have played (more than one answer allowed; from lightest to deepest),圖標題
分母＝101 位曾接觸者（複選，加總超過 100%）,"Base: 101 who have had contact with civic tech (more than one answer allowed, so totals exceed 100%)",圖副標
分母＝101 位曾接觸公民科技者,Base: 101 who have had contact with civic tech,分母說明
參與深度分布：四成的人只落在第一階,Depth of involvement: four in ten are on the first step,圖標題
分母＝101 位曾接觸者（灰色選項不在深度軸上、未計權重）,Base: 101 who have had contact with civic tech (the grey option is not on the depth scale and is not weighted),圖副標
各項困難的困擾程度分布（完整呈現 1 到 5 分）,How much each difficulty troubles people (all ratings from 1 to 5),圖標題
依「3 分以上人數」由多到少排列（無「沒遇到」選項，評 1 分包含「沒發生過」與「發生了但不影響」）,"Sorted by how many rated it 3 or higher (there was no “not experienced” option, so a rating of 1 covers both “never happened” and “happened but had no impact”)",圖副標
分母＝47 位曾參與者（每題皆為 47 人作答）,Base: 47 Builders (all 47 rated every item),分母說明
不同世代留在專案的動機差異,Why people stay: differences by age,圖標題
各長條代表該世代勾選比例與全體 47 人的差距（百分點）。向右為高於全體，向左為低於全體。,"Each bar shows how far an age group's share is from all 47 Builders, in percentage points. Right means higher than overall; left means lower.",圖副標
三個年齡層分別為 10、19、18 人（可複選）,"The three age groups have 10, 19 and 18 people (more than one answer allowed)",分母說明
做過專案的人用過哪些資源,Resources the Builders have used,圖標題
分母＝47 位曾參與者（複選，加總超過 100%）,"Base: 47 Builders (more than one answer allowed, so totals exceed 100%)",圖副標
分母＝47 位做過專案的人,Base: 47 Builders,分母說明
做過專案的人貢獻過哪些專長,Skills the Builders have contributed,圖標題
分母＝47 位曾參與者（複選，加總超過 100%，常見一人多工）,"Base: 47 Builders (more than one answer allowed, so totals exceed 100%; many people do several things)",圖副標
填答者從哪裡得知 g0v.tw 的活動消息,Where respondents hear about g0v.tw events,圖標題
全體 N=127（複選）。「親友推薦」與「g0v 社群管道」並列單選第一（各 51 人）；五個官方管道合計觸及 65%，高於親友推薦的 40%,"All respondents, N=127 (more than one answer allowed). “Friends or family” and “g0v.tw social media” tie as the top single options (51 people each); the five official channels combined reach 65%, more than the 40% reached by friends or family",圖副標
還沒參與的人，是什麼擋住了他們,What holds back people who have not taken part,圖標題
最多選 3 項。分母＝26 位從未接觸者（接觸未參與的 54 人未問此題）,Up to 3 choices. Base: the 26 Curious (the 54 Users were not asked this question),圖副標
分母＝26 位從未接觸者,Base: the 26 Curious,分母說明
三群人分別最想報名哪些活動,Which events each group most wants to attend,圖標題
複選，最多選 2 個。各群長條代表該群勾選率,Up to 2 choices. Each bar shows the share of that group who chose it,圖副標
從未接觸 26 人、接觸未參與 54 人、做過專案 47 人,"The Curious: 26, the Users: 54, the Builders: 47",分母說明
五個文章主題的狩野落點（全體填答者）,Where the five article topics fall in the Kano model (all respondents),圖標題
N=126｜SI 0–1、DSI 0～−1 全幅，分界線 0.5／−0.5 位於正中央。五個主題全部落在「魅力 A」，其中「落地、接進體制」最靠近期望 O 邊界,"N=126 | Full SI range 0 to 1 and DSI range 0 to −1, with the 0.5 / −0.5 dividing lines in the middle. All five topics fall in “Attractive (A)”, with “Into real use” closest to the “Performance (O)” boundary",圖副標
分母＝126 位有作答者（全體 127 人中 126 人答了狩野題）,Base: 126 who answered (126 of the 127 respondents answered the Kano questions),分母說明
三群人分別覺得哪些主題值得寫,Which topics each group thinks are worth writing about,圖標題
「捲動更多人」③ 與「留住夥伴」④ 對還沒接觸的人落在「無差別」，對另外兩群人都是「魅力」：沒進場的人感受不到團隊經營的痛,“Getting more people involved” ③ and “Keeping partners” ④ are “Indifferent” for the Curious but “Attractive” for both other groups: people who are not yet involved don't feel the pain of running a team,圖副標
每個面板都是完整的狩野四象限；同一個編號在三個面板中代表同一個主題,Each panel shows all four Kano quadrants; the same number means the same topic in all three panels,分母說明
各群填答者最想先看哪些議題領域的資料清單,Which issue areas each group most wants data lists for,圖標題
此題複選，最多選 5 個領域｜各群勾選率（分母為該群有作答人數）｜還沒接觸的人有 26 位,Up to 5 areas | Share of each group who chose it (base: those in the group who answered) | There are 26 Curious,圖副標
各群填答者最想看哪些跨領域工具的介紹,Which cross-cutting tools each group most wants introduced,圖標題
此題複選，最多選 3 個工具｜各群勾選率（分母為該群有作答人數）｜還沒接觸的人有 26 位,Up to 3 tools | Share of each group who chose it (base: those in the group who answered) | There are 26 Curious,圖副標
聽過或看過，還沒接觸,The Curious,三群
接觸過，還沒做過專案,The Users,三群
做過專案,The Builders,三群
從未接觸,The Curious,三群
接觸未參與,The Users,三群
曾參與,The Builders,三群
台北市,Taipei City,居住地
新北市,New Taipei City,居住地
桃園市,Taoyuan City,居住地
台中市,Taichung City,居住地
北部其他（基隆、新竹市、新竹縣）,"Other north (Keelung, Hsinchu City, Hsinchu County)",居住地
台南市,Tainan City,居住地
高雄市,Kaohsiung City,居住地
東部區域（宜蘭、花蓮、台東）,"East (Yilan, Hualien, Taitung)",居住地
中部區域（苗栗、彰化、南投、雲林）,"Central (Miaoli, Changhua, Nantou, Yunlin)",居住地
南部其他（嘉義市、嘉義縣、屏東）,"Other south (Chiayi City, Chiayi County, Pingtung)",居住地
目前居住於海外,Living overseas,居住地
使用過某個公民科技工具、服務，或參與討論的人,"Used a civic tech tool or service, or joined a discussion",角色
使用者,User,角色短名
協助落地應用，或推廣給更多使用者的人,"Helped put it into use, or spread it to more users",角色
落地推廣,Promoter,角色短名
參與籌備、開發、設計或維護的人,"Helped plan, build, design or maintain it",角色
開發維護,Maker,角色短名
發起專案的人,Started a project,角色
發起者,Founder,角色短名
出錢或調度資源的人,Provided money or mobilized resources,角色
出資者,Funder,角色短名
接收資訊,Follow,參與深度
主動通報,Report,參與深度
協力參與,Join,參與深度
共創解法,Co-design,參與深度
發起專案,Start,參與深度
以上都不太像我,None of these fits me,參與深度
專案難有穩定進度，容易停滯,Progress is hard to keep steady and easily stalls,困擾
做出來的成果（工具、服務）很難真正發揮影響力,"What we build (tools, services) struggles to make a real difference",困擾
核心成員累垮，常常一個人撐住整個專案,Core members burn out; often one person holds the whole project up,困擾
找不到願意一起做的夥伴,Can't find partners who want to work on it together,困擾
公務員不信任你、不願給你需要的資訊,Civil servants don't trust you or won't share the information you need,困擾
專案要改變方向、或要對外代表時，不確定誰有權責拍板,"When the project changes direction or speaks publicly, it's unclear who has the authority to decide",困擾
參與者突然消失，留下大量未完成任務,"People suddenly disappear, leaving lots of unfinished tasks",困擾
找不到對接的政府窗口、發訊息沒人理,Can't find the right government contact; messages go unanswered,困擾
抓不準專案到底要解決什麼問題,Unsure what problem the project should really solve,困擾
專案缺少文件或交接，人一走、知識就斷了,"No documentation or handover; when people leave, the knowledge goes with them",困擾
想要的資料拿不到、不知道去哪要,"Can't get the data we need, or don't know where to ask",困擾
新手或不會寫程式的人，不知道能幫什麼,Newcomers or people who can't code don't know how they can help,困擾
拿到經費或補助後，不知道怎麼管帳、報稅或處理聘僱,"After getting funding, don't know how to handle accounts, taxes or hiring",困擾
1：幾乎沒影響,1: Barely affected,評分量尺
2：有點困擾但還能處理,"2: A bit troubling, but manageable",評分量尺
3：明顯卡住我、拖慢進度,3: Clearly held me back and slowed progress,評分量尺
4：受挫到萌生退意,4: So frustrating I thought about quitting,評分量尺
5：困擾到專案無法持續,5: So bad the project couldn't continue,評分量尺
30 歲以下,30 and under,年齡
31 到 40 歲,31 to 40,年齡
41 歲以上,41 and over,年齡
我很認同這件事想達成的目標,I believe in what it is trying to achieve,動機
我認同這個社群，想成為其中一員,I identify with the community and want to be part of it,動機
純粹覺得好玩、有趣,Just for fun,動機
想認識新朋友、找到同好,To meet new people and like-minded friends,動機
身邊有人在做，我就跟著加入,"People around me were doing it, so I joined",動機
累積作品集，練功或建立好名聲,"To build a portfolio, sharpen skills or build a reputation",動機
人脈（例如：由社群介紹可諮詢的專家）,"Personal networks (e.g., experts introduced through the community)",資源
經費（例如：獎助金、標案或機構支持費用）,"Funding (e.g., grants, contracts or institutional support)",資源
公開資料或開放資料（例如：政治獻金資料集）,"Public or open data (e.g., political donation datasets)",資源
場地（例如：NPO Hub）,"Venues (e.g., NPO Hub)",資源
現成的數位工具或平台（例如：Pol.is）,"Existing digital tools or platforms (e.g., Pol.is)",資源
政府窗口（例如：協助將專案成果結合到體制內）,"Government contacts (e.g., help bringing results into government)",資源
主要靠我自己想辦法,Mostly figured it out myself,資源
其他（自由填答）,Other (write-in),其他
議題研究,Issue research,專長
專案管理,Project management,專長
行銷推廣,Marketing and outreach,專長
行政、後勤,Admin and logistics,專長
文案撰寫,Writing,專長
寫程式,Coding,專長
活絡氣氛與關係維繫（舉例：讓夥伴彼此熟識、張羅食物，維持協作順暢）,"Building rapport and relationships (e.g., helping teammates get to know each other, organizing food, keeping collaboration smooth)",專長
體驗設計（UI／UX）,UX/UI design,專長
視覺設計,Visual design,專長
g0v 社群管道（FB_Threads_Instgram),"g0v.tw social media (Facebook, Threads, Instagram)",管道
親友推薦,Friends or family,管道
g0v Slack,g0v.tw Slack,管道
揪松團每月電子報,Jothon monthly newsletter,管道
揪松團 LINE 群組,Jothon LINE group,管道
都沒有，我之前不太清楚這些管道,None; I didn't really know about these channels,管道
社群活動資訊彙整網頁（https://g0v.hackmd.io/@jothon/event）,Community events page (https://g0v.hackmd.io/@jothon/event),管道
不知道有哪些專案或議題,Don't know which projects or issues exist,未參與原因
身邊沒有人帶，怕自己融不進去、或幫不上忙,No one around to show me the way; I worry I won't fit in or be any help,未參與原因
不知道怎麼加入、找不到入口,Don't know how to join or where to start,未參與原因
覺得要會寫程式、技術門檻太高,I'd need to know how to code; the bar is too high,未參與原因
沒有時間,No time,未參與原因
還沒遇到讓我想投入的議題,Haven't found an issue I want to get into,未參與原因
覺得參與好像也改變不了什麼,Feel that taking part wouldn't change anything,未參與原因
公私協力怎麼談：一起討論公部門和民間合作的方法，以及常卡在哪,"Public-private collaboration: how government and civil society can work together, and where it usually gets stuck",活動
公民科技實戰心法：從真實案例復盤，學前人怎麼把專案做起來,Civic tech in practice: learning from real cases how others got their projects off the ground,活動
公民科技資料庫入門：學會用網站和 AI 問答，快速查專案、看懂專案怎麼組成,Intro to the database: using the Civic Tech Taiwan website and AI Q&A to find projects and understand how they are built,活動
用 AI 幫你提案：從零開始，動手把點子變成專案構想和藍圖,Pitching with AI: turning an idea into a project plan from scratch,活動
目前都沒有特別想參加,None I particularly want to attend,活動
如何發起一個公民科技專案,How to start a civic tech project,狩野主題
找資料／建資料,Finding or building data,狩野主題短名
沒有現成資料時，怎麼搜尋、整理或自建資料集,"Finding, organizing or building a dataset when none exists",狩野主題
捲動更多人參與,Getting more people involved,狩野主題短名
怎麼捲動更多人（包含不會寫程式的人）一起參與,How to get more people involved (including people who can't code),狩野主題
留住夥伴,Keeping partners,狩野主題短名
怎麼留住夥伴、維持團隊運作的能量,How to keep partners and keep the team going,狩野主題
落地、接進體制,Into real use,狩野主題短名
怎麼讓做好的東西真正落地、接進體制,"How to get what you built into real use, including within government",狩野主題
魅力 A,Attractive (A),狩野落點
無差別 I,Indifferent (I),狩野落點
期望 O,Performance (O),狩野落點
基本 M,Must-be (M),狩野落點
政府預算、決算與標案（看政府的錢怎麼花）,"Government budgets, spending and procurement (how public money is spent)",議題領域
地方發展與地方創生,Local development and regional revitalization,議題領域
防災與災害應變,Disaster prevention and response,議題領域
假訊息與詐騙防治,Misinformation and scam prevention,議題領域
法律、立法歷程,Law and the legislative process,議題領域
環境汙染與公害,Environmental pollution,議題領域
居住與租屋,Housing and renting,議題領域
生態與生物多樣性,Ecology and biodiversity,議題領域
交通與道路安全,Transport and road safety,議題領域
水環境（河川、海洋）,"Water (rivers, oceans)",議題領域
健康與醫療,Health and medical care,議題領域
土地使用與違章建築,Land use and illegal construction,議題領域
群眾協力與通報工具（讓沒有技術背景的人，也能簡單回報、標記，一起累積資料）,"Crowdsourcing and reporting tools (simple ways for people without tech skills to report, tag and build up data together)",工具
AI 應用（用 AI 整理、查證資料等）,"AI applications (e.g., using AI to organize and fact-check data)",工具
資料視覺化工具,Data visualization tools,工具
地理資訊與地圖工具（GIS、線上地圖）,"GIS and mapping tools (GIS, online maps)",工具
民意蒐集與線上審議工具（例如問卷、Polis、討論平台）,"Opinion-gathering and online deliberation tools (e.g., surveys, Polis, discussion platforms)",工具
怎麼找到現成的研究成果（學術論文、政府委辦研究、考察報告）,"Finding existing research (academic papers, government-commissioned studies, study-tour reports)",工具
開放協作知識庫（維基百科、Wikidata 等共筆知識）,"Open collaborative knowledge bases (Wikipedia, Wikidata and other shared knowledge)",工具
向外求助（人脈、專家、在地組織）,"Reached out for help (contacts, experts, local organizations)",行動
降低期待、放慢步調,Lowered expectations and slowed down,行動
自己補能力或用工具頂著,Built up skills myself or relied on tools,行動
團隊內部溝通、建立固定節奏,Talked it through as a team and set a regular rhythm,行動
對外推廣、擴大能見度,Promoted the project to reach more people,行動
沒有特別行動或尚未行動,"No particular action, or none yet",行動
只描述困難，未提行動,Described the difficulty but no action,行動
交棒或淡出,Handed over or stepped back,行動
建立文件、避免交接斷層,Wrote documentation to avoid handover gaps,行動
它要解決的問題夠重要、而且講得夠清楚,The problem it tackles is important and clearly explained,出資準則
呼應我自己關心的議題,It matches issues I care about,出資準則
團隊或發起人的能力和信譽,The team's or founder's ability and credibility,出資準則
預期能產生看得到、而且能被衡量的影響,"It is expected to have visible, measurable impact",出資準則
專案有長期維持下去的規劃，不會經費花完就停止,It has a long-term plan and won't stop when the money runs out,出資準則
當時剛好有預算或資源,I happened to have budget or resources at the time,出資準則
環境與生態,Environment and ecology,專案主題
其他（居住、醫療、能源、數位身分等）,"Other (housing, health care, energy, digital identity, etc.)",專案主題
教育與學習,Education and learning,專案主題
社群經營與協作工具,Community-building and collaboration tools,專案主題
防災與公共安全,Disaster prevention and public safety,專案主題
政治監督與開放國會,Political oversight and open parliament,專案主題
土地、都市與地方,"Land use, cities and local communities",專案主題
公共討論與民意工具,Public discussion and opinion tools,專案主題
交通與道路,Transport and roads,專案主題
公私協力與公務員,Public-private collaboration and civil servants,專案主題
假訊息查證,Fact-checking misinformation,專案主題
非營利組織與協會,Nonprofits and associations,所屬組織
學術與研究機構,Academic and research institutions,所屬組織
企業與新創,Companies and startups,所屬組織
社群、工作室或個人,"Communities, studios or individuals",所屬組織
公部門,Public sector,所屬組織
媒體與事實查核,Media and fact-checking,所屬組織
法人與中介組織,Foundations and intermediary organizations,所屬組織
未具體說明,Not specified,所屬組織
中南部或東部,"Central, southern or eastern Taiwan",地區連結
其他（北部或未指涉地區）,Other (northern Taiwan or no region named),地區連結
海外,Overseas,地區連結
